Hotel Name,2015-07-18,2015-07-19,2015-07-20,2015-07-21,2015-07-22,2015-07-23,2015-07-24,2015-07-25,2015-07-26,2015-07-27,2015-07-28,2015-07-29,2015-07-30,2015-07-31,2015-08-01,2015-08-02,2015-08-03,2015-08-04,2015-08-05,2015-08-06,2015-08-07,2015-08-08,2015-08-09,2015-08-10,2015-08-11,2015-08-12,2015-08-13,2015-08-14,2015-08-15,2015-08-16,2015-08-17,2015-08-18,2015-08-19,2015-08-20,2015-08-21,2015-08-22,2015-08-23,2015-08-24,2015-08-25,2015-08-26,2015-08-27,2015-08-28,2015-08-29,2015-08-30,2015-08-31,2015-09-01,2015-09-02,2015-09-03,2015-09-04,2015-09-05,2015-09-06,2015-09-07,2015-09-08,2015-09-09,2015-09-10,2015-09-11,2015-09-12,2015-09-13,2015-09-14,2015-09-15,2015-09-16,2015-09-17,2015-09-18,2015-09-19,2015-09-20,2015-09-21,2015-09-22,2015-09-23,2015-09-24,2015-09-25,2015-09-26,2015-09-27,2015-09-28,2015-09-29,2015-09-30,2015-10-01,2015-10-02,2015-10-03,2015-10-04,2015-10-05,2015-10-06,2015-10-07,2015-10-08,2015-10-09,2015-10-10,2015-10-11,2015-10-12,2015-10-13,2015-10-14,2015-10-15,2015-10-16,2015-10-17,2015-10-18,2015-10-19,2015-10-20,2015-10-21,2015-10-22,2015-10-23,2015-10-24,2015-10-25,2015-10-26,2015-10-27,2015-10-28,2015-10-29,2015-10-30,2015-10-31,2015-11-01,2015-11-02,2015-11-03,2015-11-04,2015-11-05,2015-11-06,2015-11-07,2015-11-08,2015-11-09,2015-11-10,2015-11-11,2015-11-12,2015-11-13,2015-11-14,2015-11-15,2015-11-16,2015-11-17,2015-11-18,2015-11-19,2015-11-20,2015-11-21,2015-11-22,2015-11-23,2015-11-24,2015-11-25,2015-11-26,2015-11-27,2015-11-28,2015-11-29,2015-11-30,2015-12-01,2015-12-02,2015-12-03,2015-12-04,2015-12-05,2015-12-06,2015-12-07,2015-12-08,2015-12-09,2015-12-10,2015-12-11,2015-12-12,2015-12-13,2015-12-14,2015-12-15,2015-12-16,2015-12-17,2015-12-18,2015-12-19,2015-12-20,2015-12-21,2015-12-22,2015-12-23,2015-12-24,2015-12-25,2015-12-26,2015-12-27,2015-12-28,2015-12-29,2015-12-30,2015-12-31,2016-01-01,2016-01-02,2016-01-03,2016-01-04,2016-01-05,2016-01-06,2016-01-07,2016-01-08,2016-01-09,2016-01-10,2016-01-11,2016-01-12,2016-01-13,2016-01-14,2016-01-15,2016-01-16,2016-01-17,2016-01-18,2016-01-19,2016-01-20,2016-01-21,2016-01-22,2016-01-23,2016-01-24,2016-01-25,2016-01-26,2016-01-27,2016-01-28,2016-01-29,2016-01-30,2016-01-31,2016-02-01,2016-02-02,2016-02-03,2016-02-04
Conrad New York,-1,-1,-1,-1,-1,-1,-1,41,48,50,45,46,36,52,60,-1,-1,-1,41,-1,32,36,41,40,32,31,27,20,27,36,32,24,18,18,20,27,36,30,24,22,22,34,37,37,40,40,38,29,47,-1,50,-1,-1,65,55,73,-1,-1,-1,-1,-1,70,51,70,78,80,-1,-1,91,95,99,97,-1,-1,94,90,51,-1,95,95,90,81,76,54,62,68,62,54,45,47,56,84,100,-1,82,94,85,52,66,69,60,55,50,66,64,77,88,84,71,55,11,44,61,65,66,60,35,30,60,66,-1,59,52,27,4,-1,2,8,10,5,20,47,64,61,84,73,65,57,68,86,85,-1,95,86,72,-1,39,33,-1,-1,34,20,2,3,0,-1,10,1,14,8,15,18,27,18,20,22,30,20,22,-1,18,14,-1,47,-1,-1,-1,-1,-1,58,25,31,-1,-1,-1,-1,-1,-1,-1,-1,-1,-1,-1,-1,22,20,-1,-1,-1,-1,-1,16
W New York Times Square,-1,-1,-1,-1,-1,54,-1,-1,35,41,45,41,43,-1,-1,-1,52,39,29,23,29,-1,-1,29,30,24,20,24,28,25,24,22,18,19,22,20,-1,26,29,12,14,17,-1,18,23,27,24,19,-1,-1,-1,40,52,42,-1,-1,-1,56,58,60,48,41,37,-1,-1,68,86,70,-1,93,100,77,91,73,40,35,49,49,54,-1,-1,-1,-1,-1,-1,-1,49,51,43,-1,35,50,43,53,49,41,37,39,46,37,40,-1,36,30,-1,-1,39,40,36,29,24,25,32,35,35,31,22,18,23,30,33,33,28,19,20,12,11,14,15,16,17,-1,-1,-1,-1,-1,-1,73,-1,-1,-1,-1,60,62,48,36,37,-1,19,22,28,25,21,19,-1,11,12,8,10,28,17,26,46,-1,38,33,-1,7,-1,-1,-1,1,1,2,0,1,2,-1,-1,16,25,30,35,26,19,11,-1,-1,-1,-1,-1,5,5,6,5,5,-1,-1,-1,-1,-1,-1
Hyatt Herald Square New York,-1,-1,-1,-1,-1,-1,43,43,40,-1,47,-1,27,55,47,61,-1,39,-1,22,35,37,23,42,22,26,27,36,28,27,39,27,20,14,16,17,17,17,22,14,16,23,-1,24,29,57,41,49,37,43,41,40,50,42,48,50,60,-1,64,84,77,67,74,80,-1,83,91,93,92,-1,98,100,-1,-1,-1,44,-1,55,56,61,74,61,54,56,59,54,63,62,41,42,41,67,56,54,61,48,41,43,49,42,44,57,42,34,40,43,50,50,50,37,-1,35,31,27,34,30,23,23,28,32,27,34,31,26,16,16,16,13,-1,20,20,20,32,43,50,69,81,69,64,66,-1,57,62,-1,53,41,40,42,23,-1,27,-1,21,17,14,-1,16,11,13,14,22,35,-1,-1,51,38,25,-1,-1,-1,-1,-1,-1,-1,0,-1,-1,-1,-1,5,-1,9,8,12,9,2,4,-1,2,-1,-1,1,-1,-1,-1,-1,7,-1,4,-1,-1,2
Eventi Hotel a Kimpton Hotel,-1,-1,-1,-1,-1,-1,-1,-1,33,-1,-1,18,-1,-1,-1,-1,-1,-1,10,3,9,-1,17,-1,14,6,4,7,31,-1,-1,21,12,9,-1,-1,-1,-1,10,4,16,6,-1,8,15,25,15,11,16,-1,24,-1,-1,-1,30,52,53,-1,-1,-1,49,28,30,35,-1,-1,-1,-1,-1,-1,100,-1,-1,-1,44,-1,39,-1,52,56,50,72,42,-1,-1,54,-1,-1,37,36,-1,-1,-1,-1,-1,-1,51,36,39,-1,-1,-1,57,-1,-1,-1,-1,47,-1,32,27,-1,-1,-1,-1,-1,27,26,24,-1,-1,-1,-1,-1,18,-1,23,7,-1,-1,-1,-1,-1,-1,-1,-1,62,54,-1,-1,-1,-1,-1,-1,42,41,42,-1,30,26,-1,20,14,-1,-1,-1,-1,-1,2,8,5,-1,39,30,-1,27,5,0,-1,-1,-1,-1,-1,-1,-1,-1,-1,-1,-1,-1,-1,-1,-1,-1,-1,-1,-1,-1,-1,-1,-1,-1,-1,-1,-1,-1,-1,-1,-1,-1,-1,-1
Home2 Suites by Hilton NY Long Island City Manhattan View,54,59,56,51,52,45,38,-1,-1,42,44,36,-1,50,50,-1,33,38,25,-1,-1,-1,-1,56,34,27,-1,-1,-1,44,-1,35,-1,-1,-1,-1,-1,60,61,35,21,24,26,-1,-1,64,-1,-1,-1,-1,-1,-1,78,73,61,56,53,-1,-1,-1,-1,-1,-1,-1,-1,100,-1,98,78,76,-1,60,-1,70,53,-1,51,53,-1,-1,-1,82,68,-1,-1,50,45,40,48,32,-1,-1,38,-1,60,55,-1,-1,35,43,48,43,33,-1,51,27,38,-1,48,33,35,-1,-1,-1,-1,-1,35,-1,-1,-1,-1,-1,21,17,-1,-1,-1,-1,-1,-1,-1,20,24,-1,-1,40,41,45,-1,45,38,-1,-1,43,-1,-1,22,15,-1,-1,-1,-1,-1,-1,-1,-1,-1,-1,-1,-1,24,26,48,44,46,31,26,-1,-1,-1,-1,-1,-1,-1,-1,-1,-1,-1,-1,5,5,5,5,-1,-1,-1,0,0,0,0,-1,-1,-1,0,-1,-1,-1,-1,-1,5,3,3
Cassa Hotel 45th Street,-1,-1,-1,-1,-1,-1,-1,-1,-1,-1,-1,-1,32,-1,-1,-1,-1,-1,-1,42,41,-1,-1,41,-1,34,30,-1,-1,-1,50,33,29,31,-1,30,-1,37,30,26,23,24,24,-1,-1,25,24,32,39,48,37,-1,59,59,55,54,61,-1,-1,64,62,49,47,49,-1,76,-1,74,88,-1,100,90,-1,94,-1,60,51,52,-1,71,65,73,58,56,55,-1,-1,61,54,52,38,41,-1,50,64,68,48,46,-1,-1,58,49,50,33,54,-1,-1,57,27,35,32,28,29,-1,58,21,31,27,28,48,-1,37,20,19,17,20,18,17,19,20,32,27,35,32,-1,-1,-1,-1,72,69,-1,-1,71,74,56,39,31,-1,-1,35,28,31,26,-1,19,-1,-1,-1,-1,17,-1,45,39,43,36,37,41,18,-1,-1,2,1,0,-1,-1,-1,-1,19,19,17,-1,-1,23,-1,-1,-1,-1,-1,-1,-1,-1,19,17,16,-1,-1,-1,-1,-1,20,19,-1
The St. Regis New York,-1,-1,-1,-1,-1,-1,-1,-1,-1,-1,-1,-1,8,-1,28,-1,-1,-1,-1,-1,-1,-1,-1,-1,-1,-1,-1,-1,-1,-1,-1,-1,-1,-1,-1,-1,-1,-1,-1,-1,-1,-1,-1,-1,-1,-1,-1,-1,-1,-1,-1,-1,-1,-1,-1,-1,-1,-1,-1,-1,-1,97,98,-1,-1,-1,-1,-1,-1,-1,-1,-1,-1,-1,-1,78,-1,-1,97,100,87,68,-1,62,75,88,99,98,85,-1,71,78,85,-1,-1,-1,-1,92,92,26,26,18,7,11,6,4,45,56,47,51,66,53,63,72,78,-1,-1,50,66,-1,-1,-1,-1,-1,6,0,25,-1,-1,74,-1,-1,-1,-1,82,-1,-1,-1,-1,-1,-1,-1,-1,-1,-1,-1,-1,-1,-1,-1,-1,-1,-1,-1,-1,-1,-1,-1,-1,-1,-1,-1,-1,-1,-1,-1,-1,-1,-1,-1,-1,-1,-1,-1,-1,-1,-1,-1,-1,-1,-1,-1,-1,-1,-1,-1,-1,-1,-1,-1,-1,-1,-1,-1,-1,-1,-1,-1,-1,-1,-1,-1
Wyndham Garden Brooklyn Sunset Park,-1,-1,-1,-1,-1,-1,-1,-1,-1,-1,-1,-1,-1,-1,-1,-1,51,-1,-1,-1,43,38,-1,-1,58,64,69,27,25,38,25,36,39,40,39,25,-1,22,22,26,-1,-1,-1,17,-1,58,69,77,66,57,48,37,50,61,52,-1,64,52,61,61,74,-1,78,98,53,69,85,92,100,-1,-1,-1,51,55,58,-1,55,51,51,70,79,86,81,70,57,31,51,55,58,58,55,51,66,55,55,58,58,50,42,42,51,55,48,58,43,37,26,26,26,30,30,26,26,22,19,23,28,28,23,23,-1,19,19,22,22,19,19,11,16,21,41,20,19,19,26,16,26,30,30,26,26,-1,20,26,52,52,18,16,-1,13,25,-1,52,14,13,-1,12,19,23,27,-1,55,62,52,56,62,49,0,10,-1,10,9,9,9,9,10,-1,10,9,9,9,9,10,14,10,9,9,9,9,10,-1,10,9,9,-1,9,11,-1,14,14,17,17
Comfort Inn Times Square South Area,-1,-1,59,-1,-1,-1,-1,47,-1,-1,45,-1,38,49,47,47,55,-1,-1,49,41,45,45,38,33,25,-1,-1,-1,-1,-1,-1,-1,-1,-1,-1,-1,8,15,35,-1,-1,-1,-1,20,29,-1,-1,-1,-1,-1,31,-1,-1,-1,-1,-1,68,-1,88,-1,-1,-1,-1,-1,86,-1,-1,-1,96,93,82,-1,100,-1,34,40,40,-1,63,-1,-1,-1,62,61,-1,47,56,50,45,43,44,41,43,55,45,-1,34,44,30,41,-1,-1,-1,22,24,17,33,29,21,25,25,-1,11,22,24,20,16,7,14,6,-1,-1,-1,-1,-1,0,16,13,-1,-1,28,25,17,38,47,71,66,61,64,56,40,-1,71,-1,39,34,23,-1,-1,-1,-1,-1,-1,-1,-1,-1,-1,-1,18,30,40,39,33,77,65,49,-1,-1,-1,-1,-1,-1,-1,-1,-1,-1,-1,-1,-1,-1,-1,-1,-1,-1,-1,-1,-1,-1,-1,-1,-1,-1,-1,-1,-1,-1,-1,-1,-1,-1,-1
Best Western Bayside Inn,-1,82,-1,-1,-1,86,78,-1,-1,67,75,82,82,67,56,-1,-1,-1,-1,-1,-1,-1,-1,67,82,-1,-1,-1,-1,-1,-1,56,-1,82,-1,-1,-1,-1,-1,-1,-1,-1,-1,-1,-1,-1,-1,-1,-1,-1,66,48,86,100,92,84,-1,67,79,75,82,90,69,58,-1,-1,-1,-1,-1,-1,-1,82,67,75,82,-1,-1,-1,47,82,-1,-1,86,-1,-1,-1,56,67,82,-1,53,43,-1,-1,-1,-1,68,53,43,49,36,38,73,64,-1,46,60,-1,-1,-1,-1,-1,-1,-1,-1,-1,-1,-1,-1,-1,-1,-1,-1,-1,-1,-1,32,-1,50,60,75,50,45,-1,-1,-1,-1,60,68,75,-1,-1,-1,-1,-1,-1,-1,-1,-1,-1,-1,15,20,-1,9,0,12,-1,29,50,71,-1,-1,-1,-1,62,-1,18,-1,-1,-1,-1,-1,-1,-1,-1,-1,-1,-1,-1,-1,-1,-1,-1,-1,-1,-1,-1,-1,-1,-1,-1,-1,-1,-1,-1,-1,-1,-1,-1,-1,-1
Wyndham Garden Chinatown,-1,-1,-1,-1,-1,-1,-1,-1,-1,-1,-1,-1,-1,-1,-1,-1,-1,-1,-1,-1,-1,-1,-1,-1,-1,-1,-1,-1,-1,-1,-1,-1,-1,-1,-1,-1,-1,-1,-1,-1,-1,-1,-1,-1,-1,-1,-1,-1,-1,-1,-1,-1,-1,-1,-1,-1,-1,-1,-1,-1,-1,-1,-1,-1,-1,-1,-1,-1,-1,-1,-1,-1,-1,-1,-1,-1,-1,-1,90,-1,-1,-1,-1,-1,-1,-1,-1,-1,-1,-1,-1,-1,-1,-1,-1,-1,-1,-1,-1,-1,-1,-1,-1,-1,48,59,-1,-1,-1,-1,-1,47,43,51,-1,-1,-1,-1,29,30,-1,-1,-1,-1,-1,1,0,-1,-1,-1,-1,-1,26,37,-1,-1,-1,-1,-1,100,81,-1,-1,-1,-1,-1,-1,-1,-1,9,-1,-1,-1,-1,8,-1,-1,-1,7,-1,-1,-1,-1,-1,-1,-1,-1,-1,-1,-1,-1,-1,-1,-1,-1,-1,-1,-1,-1,-1,-1,-1,-1,-1,-1,-1,-1,-1,-1,-1,-1,-1,-1,-1,-1,-1,-1,-1,-1,-1,-1,-1
DoubleTree by Hilton New York City - Chelsea,-1,-1,-1,-1,-1,35,41,47,44,-1,-1,-1,32,42,58,51,-1,47,35,26,29,34,30,32,31,27,26,27,30,30,40,34,20,17,24,32,28,32,24,24,26,29,-1,22,37,45,43,35,43,53,46,50,54,48,36,48,-1,-1,69,66,55,37,42,50,43,55,67,64,84,92,80,94,100,60,46,45,55,57,58,63,64,60,52,45,49,51,-1,-1,58,44,35,41,49,54,-1,-1,-1,-1,45,43,-1,-1,39,38,47,46,42,44,-1,35,31,38,51,38,36,36,32,24,28,30,32,31,-1,21,-1,7,14,4,9,13,13,13,-1,36,41,43,-1,45,49,50,50,40,-1,54,39,28,26,19,11,13,16,-1,10,9,8,1,8,6,10,14,19,15,27,36,27,29,23,28,3,0,-1,-1,-1,-1,-1,-1,-1,6,11,13,-1,-1,-1,-1,-1,-1,-1,-1,-1,-1,-1,-1,-1,4,-1,-1,-1,-1,-1,-1,-1,-1
The SunBright,-1,-1,-1,-1,-1,-1,-1,-1,-1,-1,-1,-1,-1,-1,-1,-1,-1,-1,-1,-1,-1,-1,-1,-1,-1,-1,-1,-1,-1,-1,-1,-1,-1,-1,-1,-1,-1,-1,-1,-1,-1,-1,-1,-1,-1,-1,-1,-1,-1,-1,-1,-1,-1,-1,-1,-1,-1,-1,-1,-1,-1,-1,-1,-1,-1,-1,-1,-1,-1,-1,-1,-1,-1,-1,-1,-1,-1,-1,-1,-1,-1,-1,-1,-1,-1,-1,-1,-1,-1,-1,-1,-1,-1,-1,-1,100,-1,-1,97,-1,69,82,93,93,81,68,-1,-1,-1,-1,-1,-1,89,-1,90,-1,-1,-1,-1,-1,-1,58,-1,-1,-1,-1,-1,39,81,93,-1,41,75,56,-1,0,-1,-1,-1,-1,-1,-1,-1,-1,-1,-1,-1,-1,-1,-1,-1,-1,-1,-1,-1,38,59,78,78,60,40,-1,39,-1,-1,-1,40,-1,-1,-1,-1,-1,-1,-1,-1,-1,-1,-1,-1,-1,-1,-1,-1,-1,-1,-1,-1,-1,-1,-1,-1,-1,-1,-1,-1,-1,-1,-1,-1,-1,-1,-1
Hilton New York JFK Airport,-1,52,48,96,-1,-1,-1,27,-1,-1,-1,-1,-1,-1,41,-1,11,-1,-1,-1,-1,-1,100,-1,-1,-1,-1,-1,-1,-1,-1,-1,-1,-1,-1,-1,-1,-1,-1,-1,-1,37,-1,33,37,39,-1,100,88,37,-1,83,-1,91,-1,-1,-1,-1,-1,53,-1,-1,-1,-1,57,70,83,93,-1,61,46,-1,-1,-1,18,36,28,15,-1,-1,-1,-1,-1,-1,-1,-1,-1,-1,-1,-1,-1,-1,-1,-1,-1,-1,20,-1,-1,-1,-1,-1,15,-1,-1,-1,-1,-1,-1,-1,-1,-1,-1,-1,-1,-1,-1,-1,-1,-1,-1,-1,-1,-1,-1,-1,-1,-1,-1,-1,-1,-1,-1,-1,-1,-1,-1,0,-1,-1,-1,-1,-1,-1,-1,-1,-1,-1,-1,-1,-1,-1,-1,-1,-1,-1,-1,-1,-1,-1,-1,-1,-1,-1,-1,-1,-1,-1,-1,-1,-1,-1,-1,-1,-1,-1,-1,-1,-1,-1,-1,-1,-1,-1,-1,-1,-1,-1,-1,-1,-1,-1,-1,-1,-1,-1,-1,-1,-1,-1,-1,-1
The Shoreham Hotel,-1,-1,-1,-1,-1,-1,-1,-1,-1,-1,-1,-1,-1,-1,-1,-1,-1,-1,-1,-1,-1,-1,44,-1,-1,-1,-1,-1,-1,-1,-1,-1,-1,-1,-1,-1,-1,-1,-1,-1,-1,-1,-1,-1,-1,37,33,38,47,43,-1,-1,-1,60,60,-1,-1,-1,82,82,77,83,89,56,100,-1,-1,-1,-1,-1,-1,-1,-1,-1,-1,73,-1,-1,-1,-1,-1,-1,-1,-1,-1,-1,-1,96,-1,-1,76,-1,54,-1,-1,50,-1,-1,-1,-1,-1,-1,-1,-1,-1,-1,-1,-1,-1,-1,48,-1,-1,-1,-1,54,-1,-1,-1,53,-1,-1,-1,-1,-1,-1,-1,-1,-1,19,20,-1,-1,-1,-1,-1,-1,-1,-1,-1,-1,-1,-1,-1,-1,32,24,-1,14,-1,-1,-1,-1,-1,-1,-1,-1,-1,-1,-1,-1,-1,-1,-1,-1,-1,-1,-1,-1,-1,-1,-1,-1,-1,-1,-1,-1,-1,-1,-1,-1,-1,-1,-1,-1,-1,-1,-1,-1,-1,-1,-1,-1,-1,-1,0,1,-1,-1,-1,-1,-1
W New York - Union Square,-1,-1,-1,-1,-1,45,54,68,-1,72,56,43,39,44,54,57,59,45,33,16,22,32,61,39,28,19,-1,24,48,54,55,41,25,-1,23,32,-1,-1,-1,-1,-1,-1,-1,-1,41,49,-1,-1,36,52,-1,81,90,-1,77,79,-1,-1,98,-1,-1,-1,66,-1,-1,-1,86,-1,77,82,100,-1,-1,-1,-1,67,70,-1,-1,82,82,70,74,69,79,-1,-1,-1,71,57,63,71,-1,82,73,61,61,63,71,-1,73,64,56,53,60,74,-1,82,75,63,63,56,68,74,81,71,58,58,54,64,71,70,58,34,23,-1,-1,7,23,23,23,41,-1,-1,-1,-1,84,76,70,84,85,-1,-1,-1,-1,-1,57,58,-1,-1,49,34,-1,-1,-1,-1,-1,6,7,14,20,35,-1,56,47,27,12,4,0,2,3,2,12,-1,-1,35,-1,-1,23,-1,-1,13,35,9,-1,-1,-1,-1,-1,-1,-1,-1,-1,-1,-1,-1,-1,-1,-1,-1,-1,-1
Hampton Inn Madison Square Garden Area Hotel,-1,-1,-1,-1,57,46,48,51,77,-1,-1,46,47,47,51,49,51,46,39,34,36,-1,39,46,37,31,29,34,-1,34,37,29,26,23,33,26,31,24,27,19,18,19,-1,21,-1,-1,-1,32,29,35,45,59,66,51,38,45,-1,-1,69,71,60,-1,36,53,63,62,-1,100,94,84,81,66,67,64,53,88,49,50,54,68,59,56,-1,59,57,53,51,52,46,49,46,53,48,50,-1,50,44,52,-1,43,53,-1,-1,-1,-1,-1,-1,-1,49,30,28,33,35,25,37,-1,29,30,29,30,30,36,-1,32,-1,12,15,-1,-1,-1,-1,-1,-1,31,-1,54,66,-1,-1,-1,-1,-1,-1,58,-1,43,-1,-1,-1,-1,-1,-1,16,13,11,-1,0,3,17,36,21,20,34,36,32,27,-1,-1,1,-1,-1,-1,-1,-1,-1,1,-1,-1,-1,-1,17,19,-1,-1,-1,-1,-1,4,4,5,-1,-1,-1,4,-1,-1,-1,2,2,2,-1,-1
Magnuson Convention Center Hotel,-1,-1,-1,-1,-1,-1,-1,-1,-1,-1,-1,-1,53,59,64,60,60,58,47,42,45,50,53,63,64,59,40,60,60,57,59,54,45,46,28,28,25,30,32,28,23,27,29,29,39,59,48,47,52,56,53,61,76,75,76,60,78,77,88,93,90,76,75,86,88,100,-1,-1,91,-1,-1,-1,-1,99,79,70,65,77,80,-1,-1,-1,97,80,76,72,77,86,84,66,65,73,73,83,-1,-1,69,-1,-1,54,69,72,77,69,59,55,51,51,62,65,-1,61,59,58,56,54,-1,40,44,42,43,48,48,-1,34,31,30,-1,-1,-1,-1,-1,-1,-1,-1,-1,-1,-1,-1,-1,-1,-1,-1,-1,-1,-1,-1,-1,-1,-1,-1,-1,-1,20,19,0,-1,-1,-1,-1,-1,-1,-1,-1,-1,-1,-1,-1,-1,-1,-1,-1,-1,-1,-1,-1,-1,-1,-1,-1,-1,-1,-1,-1,-1,-1,-1,-1,-1,-1,-1,-1,-1,-1,-1,-1,-1,-1,-1,-1,-1,-1
Hilton Garden Inn New York Midtown Park Ave,-1,-1,-1,-1,-1,-1,-1,32,27,-1,-1,25,25,33,-1,-1,47,37,22,14,22,-1,-1,31,22,17,12,21,22,-1,26,-1,18,10,18,21,-1,21,-1,14,10,16,17,-1,16,27,25,25,-1,-1,32,34,-1,36,27,39,-1,77,-1,69,60,47,37,45,54,67,84,-1,100,-1,-1,-1,-1,-1,-1,31,38,48,-1,60,-1,54,43,48,48,-1,57,-1,47,33,-1,56,52,48,49,43,37,45,40,41,-1,50,39,30,31,-1,-1,40,-1,31,-1,25,30,31,33,-1,23,-1,22,-1,37,25,-1,22,11,11,5,6,16,15,14,14,23,33,-1,72,80,50,63,-1,-1,-1,-1,-1,-1,-1,29,28,-1,38,-1,-1,12,7,-1,-1,13,4,8,15,-1,-1,51,46,42,-1,-1,-1,-1,-1,-1,-1,-1,-1,-1,-1,-1,2,0,-1,6,-1,-1,-1,-1,-1,-1,-1,-1,-1,-1,-1,-1,-1,-1,-1,-1,-1,-1,-1,-1,-1
Hampton Inn Manhattan Times Square South,-1,-1,-1,-1,-1,29,-1,26,25,28,28,-1,23,29,28,27,30,30,22,16,16,25,32,21,20,15,15,24,22,21,-1,19,14,-1,13,12,9,-1,14,13,-1,12,10,14,-1,19,28,24,24,27,28,67,94,51,33,-1,36,60,61,-1,42,37,36,-1,29,43,-1,41,62,-1,100,-1,51,50,36,-1,29,32,34,-1,-1,45,36,37,32,-1,30,38,30,-1,-1,-1,-1,-1,-1,40,-1,-1,-1,-1,-1,-1,-1,-1,-1,-1,-1,-1,28,-1,-1,19,-1,22,-1,-1,21,17,-1,-1,27,-1,-1,-1,-1,8,-1,8,-1,-1,-1,-1,-1,19,-1,-1,-1,-1,51,47,-1,-1,-1,-1,-1,-1,18,-1,-1,-1,-1,-1,-1,-1,-1,-1,-1,-1,7,-1,-1,-1,22,21,18,-1,-1,-1,-1,-1,-1,-1,-1,-1,-1,0,-1,-1,-1,-1,-1,-1,-1,-1,9,-1,-1,-1,-1,-1,-1,-1,-1,-1,-1,-1,9,-1,-1,-1,-1,-1
The Lexington New York City Autograph Collection,-1,-1,-1,-1,-1,-1,-1,-1,-1,-1,-1,-1,-1,-1,-1,-1,-1,-1,-1,-1,-1,-1,-1,-1,-1,-1,-1,-1,-1,-1,-1,-1,-1,13,-1,-1,-1,-1,20,10,12,18,21,-1,26,32,28,20,33,42,39,40,40,33,26,33,45,48,54,50,42,39,30,41,50,65,74,75,-1,81,80,100,-1,-1,47,33,-1,-1,49,53,51,41,-1,-1,-1,43,37,37,27,23,28,47,-1,-1,44,34,28,32,-1,37,41,35,26,28,31,-1,-1,44,36,27,21,32,-1,-1,-1,32,21,21,26,-1,-1,-1,-1,-1,6,1,-1,10,7,9,9,7,16,30,47,57,-1,51,47,45,-1,-1,56,-1,-1,37,22,-1,-1,-1,-1,-1,-1,-1,-1,-1,-1,-1,-1,-1,-1,14,24,25,17,14,-1,-1,-1,-1,-1,-1,-1,-1,-1,-1,-1,-1,-1,-1,-1,-1,-1,-1,-1,-1,-1,-1,-1,-1,-1,-1,2,0,-1,-1,-1,-1,-1,-1,-1,-1
Hilton New York Fashion District,-1,-1,-1,-1,48,-1,-1,-1,-1,-1,-1,-1,38,-1,-1,-1,-1,-1,34,-1,34,40,26,-1,-1,26,17,-1,-1,23,-1,-1,-1,-1,15,22,19,-1,25,15,-1,-1,19,22,-1,-1,-1,27,-1,-1,50,50,52,44,44,49,-1,100,72,-1,-1,-1,44,-1,62,-1,-1,-1,86,-1,-1,-1,-1,-1,59,-1,51,53,-1,61,-1,57,-1,-1,-1,55,-1,-1,43,-1,36,55,57,-1,59,49,-1,45,-1,-1,-1,-1,39,49,49,-1,53,44,-1,35,32,36,45,40,47,39,30,24,31,44,34,38,40,28,20,-1,-1,13,-1,-1,27,34,38,-1,-1,-1,-1,-1,66,66,71,-1,-1,63,54,41,34,30,61,33,62,26,-1,-1,-1,0,2,8,-1,15,19,21,30,26,24,15,11,3,2,1,-1,-1,5,4,3,6,-1,15,12,-1,-1,26,-1,-1,27,24,6,-1,6,5,5,3,-1,4,6,9,-1,-1,-1,-1,5,6
Hampton Inn Manhattan United Nations,-1,-1,-1,-1,-1,-1,-1,-1,-1,-1,-1,-1,48,-1,-1,-1,56,51,21,-1,31,36,38,34,38,18,19,42,-1,39,35,45,23,18,23,28,29,31,29,18,24,-1,-1,-1,38,42,41,29,29,30,-1,-1,-1,58,31,34,38,42,-1,-1,-1,33,33,-1,-1,-1,-1,91,-1,100,-1,-1,-1,66,71,28,31,49,46,59,-1,63,-1,57,63,43,45,49,29,43,48,62,56,56,57,41,40,53,65,43,49,49,37,32,32,-1,41,33,38,27,25,27,40,30,30,31,21,23,-1,35,27,-1,33,-1,-1,7,10,20,-1,-1,24,23,31,38,43,52,58,43,45,45,52,-1,-1,55,-1,38,-1,-1,-1,-1,-1,-1,-1,9,9,-1,-1,12,-1,20,-1,28,32,36,37,30,16,-1,-1,-1,-1,8,1,2,-1,0,-1,-1,-1,-1,-1,-1,-1,-1,-1,-1,-1,1,-1,-1,7,-1,-1,6,2,2,-1,-1,6,5,5,2
The Carlyle A Rosewood Hotel,-1,-1,-1,-1,-1,-1,-1,-1,-1,-1,34,18,18,27,-1,-1,-1,61,55,-1,19,19,-1,-1,19,-1,-1,-1,-1,15,-1,-1,-1,-1,-1,-1,-1,-1,57,-1,31,37,31,16,16,20,20,13,13,49,-1,-1,82,82,51,50,50,82,82,60,57,51,-1,-1,-1,93,-1,-1,-1,-1,54,54,51,-1,-1,-1,-1,-1,-1,-1,-1,-1,-1,-1,-1,-1,48,47,49,-1,-1,-1,-1,-1,-1,100,-1,-1,-1,79,76,54,69,-1,-1,-1,-1,-1,-1,-1,-1,-1,88,47,44,40,37,46,-1,-1,-1,-1,-1,-1,-1,-1,-1,-1,-1,-1,-1,-1,-1,-1,-1,-1,-1,-1,-1,-1,-1,-1,-1,55,43,40,38,38,-1,-1,-1,-1,-1,-1,-1,18,18,18,18,18,18,-1,-1,29,25,16,8,0,0,0,0,0,0,0,0,0,0,0,0,0,0,0,0,0,0,0,0,0,0,0,0,0,0,0,0,0,0,0,0,0,0,0
Martha Washington,-1,-1,-1,-1,-1,-1,-1,-1,55,-1,-1,-1,-1,-1,-1,27,-1,71,34,-1,24,25,-1,42,53,46,36,28,28,24,23,34,22,13,21,17,15,15,18,-1,-1,-1,13,15,17,19,19,19,19,24,25,-1,58,60,53,45,49,-1,76,80,72,30,44,47,-1,-1,-1,-1,100,-1,-1,-1,-1,-1,63,24,39,28,-1,75,78,69,58,42,48,-1,54,55,41,28,28,28,43,45,47,40,36,31,28,43,39,40,34,28,-1,33,42,58,35,34,30,-1,27,36,25,35,30,29,-1,-1,-1,27,10,20,12,3,0,9,-1,20,-1,23,39,28,28,54,59,55,45,40,42,-1,63,63,59,50,16,-1,-1,-1,-1,-1,-1,-1,-1,-1,-1,-1,-1,-1,-1,-1,-1,-1,-1,-1,-1,-1,-1,-1,-1,-1,-1,-1,-1,-1,-1,-1,-1,-1,-1,-1,-1,-1,-1,-1,-1,-1,-1,-1,-1,-1,-1,-1,-1,-1,-1,-1,-1,-1,-1,-1
Hilton Garden Inn Tribeca,-1,-1,100,-1,-1,-1,-1,-1,-1,39,-1,-1,-1,40,-1,55,60,-1,-1,25,63,43,41,-1,45,-1,22,23,25,-1,-1,-1,-1,-1,-1,-1,29,-1,-1,-1,-1,-1,-1,-1,-1,-1,-1,24,-1,-1,-1,-1,-1,-1,54,-1,45,-1,-1,-1,-1,-1,-1,-1,-1,-1,-1,79,-1,-1,-1,-1,-1,-1,-1,-1,-1,-1,54,-1,-1,-1,60,-1,-1,75,-1,-1,-1,55,57,67,59,-1,60,46,-1,55,-1,-1,-1,-1,-1,-1,-1,-1,58,-1,-1,-1,35,36,-1,-1,-1,-1,33,32,39,-1,55,-1,-1,-1,17,-1,6,-1,-1,-1,-1,-1,21,38,-1,-1,-1,-1,-1,-1,-1,-1,-1,-1,-1,-1,-1,-1,-1,-1,-1,-1,-1,-1,-1,-1,-1,-1,-1,-1,-1,-1,52,15,53,-1,-1,-1,1,-1,-1,-1,-1,-1,-1,-1,0,-1,-1,-1,-1,-1,16,-1,-1,-1,-1,3,-1,-1,-1,-1,-1,-1,-1,-1,-1,-1,-1,-1,-1,-1
Hampton Inn New York Chelsea,-1,-1,-1,-1,-1,-1,-1,-1,-1,-1,-1,-1,-1,-1,-1,-1,-1,-1,-1,-1,33,42,30,42,-1,-1,23,35,37,43,-1,-1,-1,-1,-1,31,-1,24,-1,-1,-1,-1,-1,-1,29,-1,-1,-1,-1,72,-1,60,-1,72,-1,68,-1,67,94,-1,-1,68,54,83,68,89,100,97,79,-1,-1,99,-1,-1,-1,57,58,57,64,-1,-1,-1,77,76,81,71,-1,-1,-1,62,59,79,66,82,-1,-1,52,41,-1,60,-1,-1,-1,56,37,50,53,50,-1,-1,36,43,-1,43,50,55,-1,30,-1,42,41,-1,-1,-1,-1,-1,0,5,-1,-1,-1,26,31,43,61,-1,-1,-1,67,79,-1,77,81,-1,-1,-1,38,27,-1,-1,-1,-1,-1,-1,-1,-1,16,29,32,-1,-1,28,48,50,41,31,-1,-1,-1,-1,-1,-1,-1,-1,-1,-1,-1,-1,-1,-1,-1,-1,-1,-1,-1,-1,-1,-1,-1,-1,-1,-1,-1,-1,-1,-1,-1,-1,-1,-1,-1,-1
Omni Berkshire Place,-1,-1,-1,-1,-1,18,22,28,31,30,48,27,26,32,42,45,46,40,32,34,26,30,26,26,23,20,21,18,23,23,23,20,15,13,11,18,19,14,12,10,10,15,21,33,30,30,29,26,39,66,68,74,77,66,47,50,67,56,58,71,67,-1,40,45,70,85,91,94,100,-1,-1,-1,-1,-1,71,40,45,60,66,-1,60,-1,-1,-1,60,53,51,52,47,42,53,60,67,60,58,-1,-1,55,-1,-1,-1,-1,-1,36,-1,-1,52,48,-1,35,37,41,48,54,56,49,42,54,41,45,50,45,39,30,20,17,18,17,14,14,14,14,46,62,73,86,-1,91,64,76,77,66,83,68,78,37,33,30,-1,-1,-1,-1,21,9,3,0,-1,3,22,14,28,19,29,30,32,21,15,1,0,-1,-1,-1,-1,-1,-1,-1,-1,-1,-1,-1,-1,17,26,-1,-1,-1,-1,-1,-1,-1,-1,-1,-1,-1,-1,-1,-1,-1,-1,-1,-1,-1
New York Hilton Midtown,-1,-1,-1,-1,-1,-1,-1,29,39,-1,-1,33,-1,-1,51,-1,-1,50,39,-1,28,38,-1,-1,-1,36,30,-1,27,27,48,39,25,24,-1,31,29,-1,-1,27,26,26,26,25,-1,-1,-1,28,-1,85,85,83,-1,67,37,68,-1,-1,80,-1,-1,-1,55,44,70,-1,82,89,-1,-1,-1,100,-1,84,62,42,40,-1,-1,70,-1,67,53,50,58,40,53,53,44,35,54,-1,54,-1,-1,53,52,44,56,49,60,-1,-1,34,46,-1,41,40,42,31,23,22,-1,32,36,35,33,24,-1,-1,47,-1,69,48,23,6,11,13,18,28,9,7,-1,-1,68,88,-1,-1,87,-1,-1,87,90,95,89,-1,-1,-1,30,-1,-1,-1,-1,5,5,3,16,12,16,11,10,7,42,8,9,13,6,4,0,-1,4,4,-1,4,-1,4,6,-1,-1,-1,-1,-1,-1,-1,-1,-1,-1,-1,-1,-1,-1,-1,-1,13,-1,-1,-1,-1,-1,-1,-1,-1
Aloft Harlem,-1,-1,-1,-1,-1,-1,24,22,-1,-1,-1,-1,-1,-1,-1,-1,-1,-1,-1,-1,25,30,18,-1,-1,-1,-1,-1,19,-1,0,4,-1,-1,-1,2,-1,5,-1,-1,-1,15,17,-1,-1,-1,-1,19,11,17,3,6,-1,-1,27,-1,-1,-1,-1,-1,-1,-1,-1,-1,-1,-1,-1,-1,-1,-1,-1,-1,-1,45,36,-1,59,-1,-1,-1,-1,61,-1,-1,50,-1,56,-1,42,-1,54,49,-1,44,44,44,52,45,35,-1,46,51,100,-1,85,82,-1,59,33,66,-1,-1,-1,-1,-1,-1,-1,-1,-1,46,-1,36,-1,-1,-1,-1,-1,-1,-1,-1,-1,-1,-1,-1,-1,-1,-1,-1,84,-1,-1,-1,-1,-1,-1,-1,-1,-1,-1,-1,-1,-1,-1,-1,17,-1,-1,-1,-1,-1,-1,-1,-1,28,-1,-1,-1,-1,-1,-1,-1,-1,-1,-1,-1,-1,-1,-1,-1,-1,-1,-1,-1,-1,-1,-1,-1,-1,-1,-1,-1,-1,-1,-1,-1,-1,-1,-1,-1,-1,-1,-1
The Kitano New York,-1,-1,-1,-1,-1,-1,-1,-1,-1,-1,-1,-1,-1,-1,-1,61,64,-1,-1,-1,-1,45,57,65,68,61,-1,-1,-1,-1,-1,-1,-1,-1,10,19,24,24,16,9,-1,-1,-1,-1,-1,-1,-1,-1,-1,-1,-1,-1,-1,-1,-1,53,43,53,-1,-1,47,38,-1,36,48,55,-1,-1,-1,-1,-1,-1,-1,-1,26,36,61,73,83,76,64,-1,67,-1,-1,-1,-1,-1,-1,-1,-1,-1,-1,-1,-1,-1,-1,-1,-1,-1,-1,-1,-1,-1,-1,-1,-1,-1,-1,-1,-1,-1,-1,-1,-1,-1,-1,-1,-1,-1,-1,-1,-1,-1,-1,-1,-1,-1,-1,-1,-1,-1,-1,-1,-1,72,94,77,89,-1,94,100,97,88,64,-1,7,-1,-1,-1,-1,-1,-1,-1,-1,-1,-1,-1,0,-1,-1,-1,-1,-1,-1,-1,-1,-1,-1,-1,-1,-1,-1,-1,-1,-1,-1,-1,-1,-1,-1,-1,-1,-1,-1,-1,-1,-1,-1,-1,-1,-1,-1,-1,-1,-1,-1,-1,-1,-1,-1,-1
The Pearl New York,-1,-1,-1,-1,-1,-1,-1,-1,-1,-1,-1,-1,-1,-1,-1,-1,-1,-1,-1,-1,-1,-1,-1,-1,-1,-1,-1,-1,-1,-1,-1,-1,-1,-1,-1,-1,-1,-1,-1,-1,-1,-1,-1,-1,-1,-1,-1,-1,-1,-1,-1,-1,-1,-1,-1,-1,58,72,85,100,81,-1,-1,-1,-1,-1,-1,-1,-1,-1,-1,-1,-1,-1,-1,-1,-1,-1,-1,-1,-1,-1,-1,-1,-1,-1,-1,-1,-1,-1,-1,-1,-1,-1,-1,-1,-1,-1,-1,-1,-1,-1,-1,-1,-1,-1,-1,-1,54,-1,-1,-1,-1,-1,-1,-1,-1,-1,-1,-1,-1,-1,-1,-1,-1,-1,-1,-1,-1,17,-1,-1,-1,-1,-1,-1,-1,-1,-1,-1,-1,-1,-1,-1,-1,-1,23,11,5,9,8,8,0,2,3,-1,-1,1,5,18,29,57,82,82,76,62,35,8,-1,-1,-1,-1,-1,-1,-1,4,6,2,10,13,13,18,20,16,13,15,7,1,-1,-1,1,4,-1,-1,-1,-1,-1,-1,-1,-1,-1,-1
Ramada Long Island City,-1,-1,-1,-1,-1,-1,-1,-1,-1,-1,-1,-1,47,61,-1,-1,-1,-1,-1,65,44,-1,-1,-1,-1,-1,26,28,-1,-1,-1,-1,-1,29,28,-1,-1,-1,-1,-1,41,44,-1,-1,-1,-1,-1,82,78,-1,-1,-1,-1,-1,82,100,-1,-1,-1,-1,-1,82,78,-1,-1,-1,-1,-1,-1,-1,-1,-1,-1,-1,-1,-1,78,-1,-1,-1,-1,-1,-1,-1,-1,-1,-1,-1,-1,82,75,-1,-1,-1,-1,-1,71,61,-1,-1,-1,-1,-1,38,35,-1,-1,-1,-1,-1,35,28,-1,-1,-1,-1,-1,-1,20,-1,-1,-1,-1,-1,-1,18,-1,-1,26,-1,-1,29,25,-1,-1,-1,-1,-1,-1,-1,-1,-1,-1,-1,-1,-1,25,-1,-1,-1,-1,-1,3,1,-1,-1,-1,-1,-1,51,61,-1,-1,-1,98,98,78,48,-1,-1,-1,-1,-1,2,0,-1,-1,-1,-1,-1,2,0,-1,-1,-1,-1,-1,2,0,-1,-1,-1,-1,-1,-1,-1,-1,-1,-1,-1,-1,-1
Waldorf Astoria New York,-1,-1,-1,-1,-1,-1,-1,40,-1,23,-1,29,-1,28,21,-1,29,25,21,15,20,-1,-1,-1,20,-1,17,13,-1,-1,24,24,18,17,18,-1,12,11,18,23,16,26,31,25,37,-1,23,-1,41,53,64,-1,-1,65,45,31,-1,-1,-1,-1,-1,-1,29,40,40,64,77,-1,-1,-1,-1,-1,-1,-1,44,38,55,-1,66,76,-1,-1,67,48,-1,56,63,62,48,-1,46,-1,56,65,-1,-1,56,50,53,-1,50,52,-1,41,48,48,54,61,69,51,-1,51,52,19,28,26,25,-1,32,33,30,34,42,25,-1,-1,13,-1,51,46,35,37,44,62,-1,91,94,87,65,99,100,79,-1,-1,-1,-1,-1,-1,-1,19,-1,23,14,-1,7,4,3,13,15,26,22,31,44,51,32,26,15,0,6,-1,-1,-1,-1,-1,-1,3,-1,-1,-1,-1,-1,-1,-1,-1,23,-1,-1,-1,-1,-1,-1,-1,-1,-1,-1,-1,-1,-1,-1,-1,-1,-1
Hilton Manhattan East,-1,-1,-1,40,30,-1,24,28,29,-1,-1,-1,13,20,-1,-1,-1,-1,18,13,15,22,-1,-1,-1,12,13,13,16,16,19,14,12,10,14,13,14,14,13,14,10,16,18,22,-1,23,17,19,-1,-1,-1,30,-1,-1,-1,20,28,37,41,-1,34,25,28,-1,59,64,-1,-1,-1,100,-1,-1,60,45,34,33,24,32,-1,-1,-1,27,24,30,35,33,32,30,26,24,27,-1,-1,-1,-1,27,24,-1,-1,33,-1,-1,24,21,27,-1,-1,28,-1,21,17,18,23,21,22,21,17,16,23,28,29,25,25,-1,-1,9,10,8,-1,15,-1,14,-1,26,-1,45,-1,41,38,49,-1,-1,-1,-1,-1,27,19,-1,-1,25,-1,11,7,5,1,-1,-1,3,5,8,12,15,18,17,14,12,-1,2,2,1,2,-1,1,-1,1,-1,1,2,2,1,1,-1,-1,-1,3,2,0,1,2,-1,-1,-1,-1,-1,-1,-1,-1,-1,-1,-1,-1,-1
Newark Liberty International Airport Marriott,70,-1,75,68,36,37,78,77,-1,48,37,25,25,65,78,-1,49,39,27,27,79,-1,-1,49,39,27,27,80,-1,-1,47,35,23,19,60,65,-1,34,26,19,19,60,65,-1,39,34,29,-1,67,59,66,34,26,20,25,70,78,-1,55,44,40,35,65,73,-1,68,64,70,62,87,100,-1,49,41,31,31,71,84,-1,62,78,42,35,-1,-1,-1,42,36,28,29,89,89,-1,47,43,31,28,78,81,65,45,38,27,27,70,73,-1,43,35,28,28,71,76,-1,45,41,32,30,68,81,-1,69,43,31,-1,-1,-1,-1,-1,-1,-1,26,64,69,-1,53,44,32,34,-1,-1,-1,53,42,30,31,42,50,-1,46,34,23,-1,-1,-1,-1,-1,-1,-1,-1,-1,-1,-1,-1,-1,-1,44,31,39,18,0,0,9,7,29,39,9,0,0,7,7,24,36,21,0,0,9,9,13,26,37,0,10,-1,-1,-1,-1,-1,-1,-1,-1,14
Hotel 48LEX New York,-1,-1,-1,-1,-1,-1,-1,-1,-1,-1,-1,-1,-1,-1,-1,-1,-1,-1,-1,19,23,-1,38,-1,-1,-1,13,23,-1,-1,-1,20,10,25,29,-1,-1,-1,21,-1,-1,-1,-1,-1,-1,-1,-1,-1,-1,-1,-1,-1,-1,-1,-1,-1,-1,-1,-1,-1,64,64,-1,60,-1,100,-1,97,88,97,-1,87,-1,71,42,-1,-1,-1,-1,-1,-1,-1,-1,-1,-1,-1,-1,-1,-1,-1,-1,42,-1,-1,-1,-1,-1,-1,52,-1,-1,55,53,22,37,-1,-1,-1,-1,-1,-1,-1,48,46,-1,40,-1,-1,-1,-1,-1,-1,19,7,0,-1,-1,-1,-1,-1,-1,-1,-1,-1,-1,83,67,59,59,58,62,82,82,82,-1,-1,-1,-1,-1,-1,11,-1,-1,-1,-1,-1,-1,-1,-1,-1,-1,-1,-1,-1,-1,-1,-1,-1,-1,-1,-1,-1,-1,-1,-1,-1,-1,-1,-1,-1,-1,-1,-1,-1,-1,-1,-1,-1,-1,-1,-1,-1,-1,-1,-1,-1,-1,-1,-1,-1,-1,-1
The Muse Hotel a Kimpton Hotel,-1,-1,-1,-1,-1,-1,-1,-1,-1,84,-1,74,80,85,-1,-1,-1,-1,-1,26,51,56,51,-1,-1,-1,23,49,51,-1,-1,-1,-1,-1,-1,-1,-1,-1,-1,-1,-1,-1,-1,-1,-1,-1,-1,-1,-1,-1,-1,-1,-1,-1,-1,-1,-1,-1,-1,-1,-1,-1,-1,-1,63,77,100,-1,-1,-1,-1,-1,-1,-1,-1,55,-1,-1,-1,-1,-1,-1,-1,-1,-1,-1,-1,-1,-1,-1,-1,-1,-1,-1,-1,-1,78,-1,68,-1,-1,-1,-1,62,-1,-1,-1,-1,57,49,-1,-1,-1,-1,-1,-1,-1,36,-1,-1,-1,-1,-1,-1,21,-1,25,16,-1,32,31,-1,-1,-1,-1,-1,-1,-1,78,72,67,-1,-1,-1,-1,-1,-1,32,28,28,-1,23,22,16,15,-1,0,9,13,17,22,35,-1,63,58,49,26,-1,10,-1,-1,-1,-1,-1,-1,-1,-1,6,12,17,26,-1,47,-1,34,19,-1,-1,-1,-1,-1,-1,-1,-1,-1,-1,-1,-1,-1,-1,-1,-1
Hilton Garden Inn New York West 35th Street,-1,-1,-1,-1,-1,-1,37,-1,-1,-1,40,29,34,42,-1,-1,50,41,30,21,25,29,22,27,27,21,22,26,34,27,28,28,20,21,22,-1,18,29,22,16,15,22,24,22,36,-1,33,27,31,45,48,35,50,39,31,37,50,56,55,51,45,39,29,42,48,61,63,79,68,65,100,68,68,65,48,41,43,46,52,57,63,52,38,46,55,45,46,52,43,38,44,51,49,-1,54,41,35,38,42,41,46,47,35,38,41,48,45,46,48,32,25,29,36,-1,-1,-1,21,27,22,30,29,32,32,23,-1,-1,-1,12,21,19,20,19,21,36,45,-1,-1,53,-1,-1,-1,-1,-1,-1,42,40,40,37,-1,43,35,21,14,12,11,2,1,9,15,14,22,17,27,27,22,15,18,4,5,-1,0,1,-1,-1,11,-1,11,17,18,-1,-1,-1,-1,-1,18,13,5,-1,-1,-1,6,-1,-1,3,7,-1,-1,-1,-1,-1,-1,-1
Le Parker Meridien New York,-1,-1,-1,-1,-1,-1,-1,-1,-1,-1,-1,-1,-1,-1,-1,-1,-1,-1,-1,-1,-1,-1,-1,-1,-1,-1,-1,16,16,23,-1,-1,-1,-1,-1,-1,-1,14,10,5,6,12,20,25,29,-1,24,22,-1,-1,-1,76,80,-1,31,41,53,56,54,55,42,39,36,53,62,65,79,73,100,74,78,92,84,68,47,42,48,63,65,65,49,33,32,40,51,40,60,65,31,31,48,-1,70,75,68,42,-1,45,55,58,-1,-1,-1,-1,-1,-1,52,49,52,36,33,36,48,48,45,36,29,22,35,50,52,-1,-1,-1,9,2,8,16,-1,30,27,-1,44,64,85,100,-1,-1,-1,88,90,87,92,91,70,-1,48,-1,21,21,24,18,14,0,-1,-1,-1,-1,-1,-1,-1,-1,-1,-1,-1,4,-1,-1,-1,-1,-1,-1,-1,-1,-1,-1,-1,-1,-1,-1,-1,-1,-1,-1,-1,-1,-1,-1,-1,-1,-1,-1,-1,-1,-1,-1,-1,-1,-1,-1,-1,-1
McCarren Hotel & Pool,-1,-1,-1,-1,100,88,80,79,-1,27,82,86,82,34,34,37,40,47,45,40,40,24,26,35,57,58,46,44,42,-1,46,-1,46,-1,59,36,25,32,34,35,30,27,37,25,38,35,44,38,47,36,41,43,76,57,48,54,40,38,36,52,64,58,52,59,-1,62,83,75,74,61,-1,43,46,52,40,47,42,-1,31,46,48,52,55,49,51,-1,42,58,63,55,-1,-1,-1,-1,50,55,50,45,36,28,32,-1,38,36,31,32,28,30,36,35,38,36,31,-1,-1,28,39,-1,32,-1,-1,-1,-1,-1,-1,18,16,-1,-1,-1,25,26,25,17,-1,25,-1,30,30,28,16,-1,-1,20,23,23,15,3,-1,-1,-1,13,11,9,5,-1,-1,-1,8,-1,9,21,15,26,18,17,12,3,1,-1,-1,-1,-1,-1,8,6,-1,-1,-1,-1,-1,-1,-1,-1,0,-1,1,0,1,0,-1,-1,-1,2,-1,1,0,-1,-1,-1,-1,-1
Hilton Times Square,-1,95,-1,-1,84,-1,56,-1,42,-1,41,35,53,54,-1,42,-1,39,33,30,32,-1,31,49,33,33,27,31,34,35,39,38,32,26,33,35,20,30,24,22,14,26,29,26,33,34,34,24,-1,-1,49,42,48,51,35,51,65,50,57,58,54,47,38,45,54,62,62,59,68,68,73,69,100,78,58,52,47,44,57,65,67,62,51,51,50,39,50,50,43,43,50,50,42,53,-1,51,41,42,48,51,56,56,50,39,44,48,39,41,44,35,33,31,39,36,48,41,28,26,29,27,30,33,36,28,20,8,17,13,17,23,22,22,28,32,41,56,67,-1,-1,65,65,57,78,-1,54,59,38,34,40,30,33,39,25,27,17,-1,13,17,24,23,27,20,52,59,49,32,42,7,2,2,2,7,-1,3,9,6,3,-1,3,19,26,-1,30,29,22,21,-1,4,3,2,2,0,2,3,6,-1,-1,-1,-1,-1,-1,-1
The Roosevelt Hotel New York City,-1,-1,-1,-1,-1,-1,-1,-1,-1,-1,-1,-1,-1,-1,-1,-1,71,64,32,14,-1,-1,-1,-1,-1,15,-1,-1,39,15,19,31,11,6,4,8,8,21,24,12,11,-1,32,26,38,50,50,49,28,26,44,79,62,58,28,51,49,72,75,82,78,39,17,32,-1,-1,-1,-1,-1,92,-1,100,89,74,53,42,46,86,64,71,81,72,49,89,47,50,64,53,47,36,43,62,57,64,75,58,40,43,45,29,44,50,46,39,46,52,-1,43,35,26,25,-1,47,21,35,29,21,11,14,21,22,22,25,22,8,1,0,3,15,14,21,15,33,42,56,-1,99,93,82,81,82,65,-1,99,71,-1,-1,38,21,26,-1,-1,38,24,21,-1,1,3,-1,-1,24,68,69,43,64,13,4,3,-1,-1,-1,-1,-1,-1,-1,-1,-1,-1,-1,-1,-1,-1,-1,-1,-1,-1,-1,-1,-1,-1,-1,-1,-1,-1,-1,-1,-1,-1,-1,-1,-1,-1
Manhattan NYC-an Affinia hotel,-1,-1,-1,-1,-1,-1,-1,-1,-1,-1,-1,35,31,39,-1,-1,-1,-1,-1,-1,-1,26,23,-1,-1,-1,-1,-1,-1,-1,-1,-1,-1,-1,-1,-1,-1,-1,-1,-1,-1,-1,-1,-1,-1,-1,-1,-1,-1,-1,-1,-1,-1,-1,-1,33,-1,-1,-1,100,-1,-1,28,35,58,58,-1,66,82,-1,-1,82,83,74,-1,44,47,53,-1,61,60,53,39,50,52,30,47,60,59,50,43,44,28,47,52,48,40,47,47,40,46,-1,44,35,30,27,35,30,38,31,27,26,31,29,-1,31,24,-1,20,-1,-1,-1,-1,-1,-1,-1,5,9,-1,-1,-1,-1,24,24,22,32,61,34,52,58,-1,47,67,-1,62,49,35,19,-1,-1,15,12,16,-1,-1,-1,-1,0,5,-1,-1,15,23,-1,49,47,-1,14,-1,-1,-1,-1,-1,-1,-1,-1,-1,-1,-1,-1,-1,-1,-1,-1,-1,-1,-1,-1,-1,-1,-1,-1,-1,-1,-1,-1,-1,-1,-1,-1,-1,-1
DoubleTree by Hilton Hotel Newark Airport,-1,-1,51,50,37,30,-1,-1,-1,-1,-1,-1,51,-1,-1,-1,51,44,46,60,39,46,-1,60,63,46,37,-1,-1,-1,51,53,41,29,-1,-1,-1,-1,-1,-1,37,-1,-1,-1,-1,69,60,51,-1,60,-1,-1,-1,-1,72,44,-1,-1,67,58,50,39,-1,-1,-1,-1,-1,-1,-1,98,90,83,-1,70,69,63,-1,-1,-1,-1,-1,-1,-1,-1,100,-1,-1,60,57,55,-1,-1,-1,-1,74,72,63,63,69,-1,-1,65,62,58,-1,-1,-1,-1,-1,-1,53,60,60,-1,-1,-1,-1,65,67,55,51,65,-1,-1,-1,30,30,30,-1,-1,-1,-1,-1,-1,-1,-1,-1,11,-1,55,59,-1,-1,16,13,16,13,15,56,15,13,10,27,6,6,-1,-1,-1,-1,-1,-1,0,3,-1,-1,-1,-1,-1,-1,-1,-1,-1,-1,-1,-1,-1,-1,-1,-1,-1,-1,-1,-1,-1,-1,-1,-1,-1,-1,-1,45,-1,-1,-1,32,-1,-1,54,-1,-1,-1,60
Courtyard Newark Elizabeth,-1,-1,-1,78,35,35,51,70,-1,-1,70,-1,-1,46,70,-1,-1,68,14,-1,62,-1,-1,-1,69,-1,-1,74,69,-1,-1,-1,-1,-1,34,49,-1,-1,34,19,19,34,49,-1,-1,66,19,-1,-1,66,49,-1,28,16,45,50,74,-1,-1,-1,-1,-1,93,89,-1,-1,-1,86,70,92,-1,-1,-1,100,-1,36,54,73,-1,-1,-1,-1,-1,-1,-1,-1,-1,-1,-1,69,89,93,-1,-1,-1,-1,53,68,-1,-1,-1,-1,-1,-1,-1,-1,-1,-1,-1,50,-1,-1,-1,-1,32,16,0,41,-1,-1,-1,-1,-1,-1,-1,-1,-1,-1,-1,-1,-1,41,-1,-1,-1,-1,59,46,-1,-1,-1,-1,-1,-1,-1,-1,-1,-1,-1,-1,-1,30,-1,-1,-1,-1,-1,-1,-1,-1,-1,-1,-1,-1,-1,-1,-1,-1,-1,-1,-1,-1,-1,-1,-1,-1,-1,-1,-1,-1,-1,-1,-1,-1,-1,-1,-1,-1,-1,-1,-1,-1,-1,-1,-1,-1,-1,-1,-1,-1,-1,-1
TRYP By Wyndham Times Square South,-1,-1,-1,-1,-1,-1,-1,-1,-1,-1,-1,-1,-1,-1,-1,-1,-1,-1,-1,-1,-1,-1,-1,-1,-1,-1,-1,-1,-1,-1,-1,-1,-1,-1,10,10,6,23,32,-1,27,28,-1,30,26,38,-1,-1,-1,38,30,42,52,-1,-1,-1,-1,-1,-1,-1,-1,-1,-1,-1,-1,-1,-1,-1,-1,97,100,89,-1,80,-1,47,47,-1,75,-1,-1,-1,-1,-1,-1,-1,61,73,-1,40,-1,-1,-1,-1,-1,-1,-1,58,-1,-1,-1,-1,-1,44,49,45,34,36,48,-1,-1,-1,62,56,26,27,-1,20,16,-1,9,17,-1,-1,-1,31,-1,0,21,23,-1,23,-1,-1,-1,-1,-1,68,61,68,-1,44,-1,-1,68,-1,-1,-1,-1,-1,-1,-1,-1,-1,-1,-1,20,-1,24,38,-1,-1,-1,-1,-1,-1,-1,6,-1,-1,-1,-1,-1,-1,-1,-1,-1,-1,-1,33,-1,-1,-1,-1,-1,-1,-1,-1,-1,-1,-1,-1,-1,-1,-1,-1,-1,-1,-1,-1,-1,-1
Red Carpet Inn New York City,-1,-1,-1,-1,-1,53,44,-1,-1,-1,-1,-1,53,44,-1,-1,-1,-1,-1,53,44,-1,-1,-1,-1,-1,53,44,-1,-1,-1,-1,-1,53,9,-1,-1,-1,-1,-1,12,22,-1,-1,-1,-1,-1,66,57,-1,-1,-1,-1,-1,53,31,-1,-1,-1,-1,-1,8,0,-1,-1,-1,-1,-1,8,0,-1,-1,-1,-1,-1,8,0,-1,-1,-1,-1,-1,8,0,-1,-1,-1,-1,-1,8,0,-1,-1,-1,8,7,8,0,-1,-1,-1,-1,-1,8,0,-1,-1,-1,-1,-1,8,0,-1,-1,-1,-1,-1,8,0,-1,-1,-1,-1,-1,8,0,-1,-1,-1,-1,-1,8,0,-1,-1,-1,-1,-1,8,0,-1,-1,-1,-1,-1,8,0,-1,-1,-1,-1,-1,8,0,-1,-1,-1,-1,-1,89,100,-1,-1,-1,-1,-1,-1,-1,-1,-1,-1,-1,-1,-1,-1,-1,-1,-1,-1,-1,-1,-1,-1,-1,-1,-1,-1,-1,-1,-1,-1,-1,-1,-1,-1,-1,-1,-1,-1,-1,-1,-1
San Carlos Hotel,-1,-1,-1,-1,-1,-1,-1,-1,-1,-1,-1,-1,-1,-1,-1,-1,-1,-1,-1,-1,-1,-1,-1,-1,-1,-1,-1,2,2,2,-1,-1,-1,-1,-1,-1,-1,-1,-1,-1,-1,-1,-1,-1,-1,-1,-1,-1,-1,66,77,89,100,-1,-1,-1,-1,-1,-1,-1,-1,-1,9,-1,-1,-1,-1,-1,-1,-1,-1,-1,-1,-1,-1,-1,-1,-1,-1,-1,-1,-1,-1,-1,-1,-1,-1,-1,8,6,6,-1,99,99,92,9,-1,-1,-1,-1,-1,-1,-1,-1,-1,-1,-1,-1,-1,-1,-1,-1,-1,-1,-1,-1,-1,-1,-1,-1,-1,-1,-1,-1,-1,-1,-1,-1,-1,-1,-1,4,6,7,-1,-1,-1,-1,-1,-1,-1,-1,-1,-1,6,5,-1,-1,-1,-1,-1,-1,-1,-1,-1,-1,-1,-1,-1,0,-1,6,6,5,5,5,1,-1,-1,-1,-1,-1,-1,-1,-1,-1,-1,-1,-1,-1,-1,-1,-1,-1,-1,-1,-1,-1,-1,-1,-1,-1,-1,-1,-1,-1,-1,-1,-1,-1,-1,-1
Residence Inn New York The Bronx At Metro Center Atrium,-1,-1,-1,-1,-1,-1,-1,-1,-1,-1,-1,-1,-1,-1,-1,-1,-1,-1,-1,-1,-1,-1,-1,-1,-1,-1,-1,-1,-1,-1,-1,-1,-1,-1,-1,-1,-1,-1,-1,-1,-1,-1,-1,-1,-1,-1,-1,-1,-1,-1,-1,-1,-1,-1,-1,-1,-1,-1,-1,-1,-1,-1,-1,-1,-1,-1,-1,-1,-1,-1,-1,-1,-1,-1,-1,-1,-1,-1,-1,-1,-1,-1,-1,-1,-1,-1,-1,-1,-1,-1,-1,-1,-1,-1,-1,-1,-1,-1,-1,-1,-1,78,-1,-1,78,-1,-1,-1,-1,-1,-1,-1,-1,-1,-1,78,-1,-1,78,-1,-1,-1,0,-1,-1,-1,-1,-1,-1,-1,-1,-1,-1,-1,-1,-1,-1,45,-1,45,-1,-1,-1,-1,45,-1,45,-1,-1,-1,-1,-1,-1,-1,-1,-1,-1,-1,-1,-1,-1,-1,-1,-1,-1,-1,-1,29,-1,-1,-1,-1,29,-1,29,-1,-1,-1,-1,29,-1,29,-1,-1,-1,-1,29,-1,29,-1,-1,-1,-1,29,-1,-1,-1,-1,-1,-1,100,100
Courtyard by Marriott New York Manhattan SoHo,-1,-1,-1,-1,-1,-1,-1,-1,-1,-1,35,-1,-1,-1,-1,-1,-1,-1,21,7,18,31,-1,-1,46,13,5,18,29,-1,-1,-1,16,9,18,29,-1,-1,-1,20,15,25,-1,-1,-1,41,37,27,44,-1,-1,-1,77,61,58,-1,-1,-1,-1,-1,-1,-1,-1,-1,-1,-1,-1,-1,-1,-1,-1,-1,-1,-1,-1,-1,-1,-1,-1,-1,-1,-1,-1,91,-1,-1,-1,-1,-1,45,-1,-1,-1,-1,-1,-1,-1,-1,100,-1,76,-1,-1,49,-1,-1,-1,-1,-1,39,32,-1,-1,-1,-1,-1,-1,-1,-1,60,40,-1,-1,16,0,-1,-1,-1,-1,-1,-1,-1,-1,-1,-1,-1,-1,-1,-1,-1,-1,-1,-1,73,52,30,-1,-1,-1,-1,-1,-1,-1,-1,-1,-1,-1,-1,-1,-1,-1,-1,-1,-1,48,-1,23,-1,-1,-1,-1,-1,-1,-1,-1,-1,-1,-1,-1,-1,-1,-1,-1,-1,-1,-1,-1,-1,-1,-1,-1,-1,-1,-1,-1,-1,-1,-1,-1,-1,-1,-1
The Towers of the Waldorf Astoria New York,-1,-1,-1,-1,-1,-1,-1,-1,-1,17,-1,17,-1,-1,15,-1,23,24,16,10,14,-1,-1,-1,15,-1,-1,9,-1,11,18,14,14,18,12,9,7,10,11,13,19,14,29,31,33,-1,22,-1,-1,32,38,-1,-1,41,29,29,-1,32,-1,51,40,-1,-1,-1,-1,-1,-1,-1,-1,-1,-1,-1,-1,-1,27,24,36,34,42,45,-1,-1,-1,42,-1,34,39,38,31,27,29,30,32,-1,-1,-1,39,34,39,32,34,35,32,25,25,30,34,44,52,29,33,36,19,13,20,29,25,-1,24,19,14,17,24,15,11,-1,22,-1,31,36,-1,28,37,23,-1,-1,-1,-1,100,-1,-1,57,-1,-1,-1,-1,93,-1,56,60,-1,-1,15,-1,29,47,11,-1,55,55,63,-1,-1,55,57,32,32,-1,0,-1,-1,-1,-1,-1,-1,-1,-1,-1,-1,-1,-1,-1,-1,-1,-1,-1,-1,-1,-1,-1,-1,-1,-1,-1,-1,-1,-1,-1,-1,-1,-1,-1
Hyatt Place Flushing LaGuardia Airport,-1,-1,-1,-1,-1,24,-1,31,-1,-1,-1,-1,-1,-1,-1,-1,-1,-1,-1,-1,-1,-1,70,-1,-1,-1,31,-1,-1,-1,-1,-1,-1,-1,-1,-1,-1,-1,-1,-1,-1,-1,-1,-1,-1,-1,-1,77,-1,-1,-1,42,-1,-1,-1,-1,-1,55,23,-1,16,21,44,59,76,-1,-1,-1,-1,-1,100,-1,-1,-1,-1,80,68,60,-1,49,-1,55,50,-1,-1,-1,-1,-1,-1,-1,-1,26,-1,-1,-1,-1,-1,-1,-1,25,-1,-1,29,35,-1,-1,-1,-1,-1,-1,-1,-1,-1,-1,-1,-1,16,32,-1,-1,8,0,-1,12,6,-1,-1,-1,39,-1,-1,-1,-1,-1,-1,-1,-1,15,-1,-1,-1,-1,-1,-1,-1,-1,38,24,-1,-1,-1,16,-1,-1,-1,-1,-1,-1,-1,-1,20,24,28,-1,22,-1,-1,-1,-1,-1,-1,-1,-1,-1,-1,-1,-1,-1,9,-1,-1,-1,-1,-1,-1,-1,-1,-1,-1,-1,-1,-1,-1,-1,-1,-1,-1,-1,-1,-1,-1,-1
Dumont NYC-an Affinia hotel,-1,-1,-1,-1,-1,-1,-1,-1,-1,-1,-1,-1,-1,-1,-1,-1,-1,-1,-1,-1,-1,-1,-1,10,-1,-1,3,-1,-1,11,15,13,-1,-1,-1,-1,2,3,4,-1,-1,-1,-1,-1,-1,-1,-1,0,6,15,10,11,-1,-1,43,25,-1,-1,-1,-1,-1,-1,37,-1,-1,-1,66,80,92,100,-1,-1,-1,-1,17,12,6,7,20,36,40,38,-1,37,36,-1,23,28,26,21,20,-1,22,42,28,-1,41,-1,-1,23,32,37,-1,34,-1,46,40,37,32,24,23,-1,-1,-1,-1,-1,-1,-1,-1,-1,-1,-1,-1,-1,-1,-1,3,6,7,-1,-1,-1,-1,-1,-1,-1,-1,-1,-1,-1,66,-1,75,75,35,19,9,-1,-1,-1,-1,-1,-1,18,-1,-1,-1,10,-1,-1,-1,-1,-1,98,-1,-1,-1,-1,-1,-1,-1,-1,-1,-1,-1,-1,-1,-1,-1,-1,-1,-1,-1,-1,-1,-1,-1,-1,-1,-1,-1,-1,-1,-1,-1,-1,-1,-1,-1,-1,-1,-1
Grand Hyatt New York,-1,-1,-1,-1,35,37,-1,-1,-1,-1,-1,26,-1,22,-1,42,-1,-1,25,17,24,28,32,31,25,18,12,16,20,18,18,18,15,11,11,17,18,15,19,8,12,17,22,22,33,38,37,36,46,-1,-1,54,54,49,33,29,-1,-1,-1,-1,61,40,35,35,56,85,100,84,-1,-1,-1,-1,-1,65,34,30,35,47,52,53,-1,44,35,41,42,41,44,43,37,36,43,51,51,-1,-1,-1,53,-1,54,44,45,39,43,39,44,44,-1,-1,41,31,-1,32,38,36,37,24,16,15,22,33,36,31,28,11,6,1,11,4,6,8,8,8,22,40,61,65,75,80,36,60,65,58,55,53,28,18,22,30,18,17,26,15,6,14,11,-1,7,4,6,14,18,-1,21,21,22,0,-1,15,-1,-1,-1,-1,-1,-1,-1,-1,-1,-1,11,-1,-1,11,-1,-1,-1,-1,-1,-1,-1,14,-1,-1,-1,-1,-1,-1,-1,-1,-1,-1,-1,-1
GEM Hotel - Chelsea an Ascend Hotel Collection Member,-1,-1,-1,-1,-1,-1,-1,-1,-1,-1,48,32,-1,32,45,70,-1,46,33,41,55,60,54,46,49,50,44,-1,-1,-1,-1,-1,-1,33,46,-1,-1,-1,-1,-1,-1,-1,50,33,-1,45,47,-1,52,57,63,-1,-1,-1,-1,68,-1,-1,-1,-1,-1,-1,-1,-1,-1,-1,-1,-1,100,-1,-1,-1,-1,-1,-1,71,54,87,-1,-1,-1,-1,75,-1,-1,-1,-1,-1,-1,-1,-1,92,-1,90,-1,90,-1,-1,-1,73,70,91,76,-1,66,62,73,-1,-1,-1,-1,47,61,-1,61,-1,-1,-1,-1,-1,50,-1,-1,-1,-1,-1,27,21,-1,37,-1,-1,45,57,-1,92,91,91,-1,-1,-1,-1,-1,-1,64,50,38,26,-1,18,30,-1,-1,-1,-1,-1,0,7,12,-1,-1,21,46,36,-1,32,21,7,1,-1,-1,-1,-1,-1,-1,-1,-1,13,20,-1,-1,-1,-1,-1,-1,-1,-1,-1,-1,-1,-1,-1,-1,-1,-1,-1,-1,-1,-1,-1,-1,-1
Hilton Garden Inn New York Central Park South-Midtown West,-1,-1,-1,-1,-1,-1,-1,93,-1,-1,-1,30,-1,35,-1,-1,37,43,20,19,24,26,19,27,25,18,19,27,26,-1,33,33,18,17,20,18,16,-1,19,12,11,15,20,16,29,40,30,27,28,31,29,58,-1,53,42,54,52,45,-1,70,68,44,38,56,49,75,100,73,74,80,86,74,76,60,44,45,29,45,-1,56,-1,52,50,54,57,41,49,54,44,39,43,38,39,-1,54,48,40,27,48,-1,41,61,39,42,40,41,32,-1,-1,28,32,29,37,26,-1,42,21,-1,29,31,30,31,38,29,21,19,-1,10,15,15,22,14,22,-1,52,53,-1,65,53,56,59,46,-1,-1,52,-1,39,31,13,-1,-1,16,-1,18,10,9,4,12,19,12,27,-1,33,42,29,40,-1,4,-1,-1,-1,-1,-1,0,-1,-1,-1,-1,-1,-1,-1,16,19,9,10,9,-1,-1,-1,-1,-1,-1,-1,-1,-1,-1,-1,-1,-1,-1,-1,-1
Quality Inn Woodside,-1,-1,-1,-1,-1,-1,-1,-1,-1,25,26,-1,37,48,42,39,-1,25,22,24,27,23,33,29,28,-1,44,32,40,25,27,32,21,29,27,23,27,36,39,41,39,39,35,35,42,-1,-1,-1,-1,-1,-1,-1,-1,-1,52,45,38,72,-1,-1,-1,-1,-1,-1,-1,-1,-1,-1,-1,-1,-1,-1,59,-1,-1,45,65,53,40,-1,-1,72,-1,-1,78,58,78,45,81,79,82,44,42,67,79,75,69,100,46,22,32,43,-1,45,39,32,29,32,36,19,14,11,11,11,19,20,26,22,22,20,27,-1,-1,13,12,12,5,18,24,31,26,22,-1,-1,3,10,27,32,-1,-1,-1,18,23,22,23,18,13,11,6,-1,-1,-1,0,3,7,4,9,17,-1,37,49,58,65,58,-1,-1,-1,-1,-1,-1,-1,-1,-1,-1,-1,-1,-1,-1,-1,-1,-1,-1,-1,-1,-1,-1,-1,-1,-1,-1,-1,-1,-1,-1,-1,-1,-1,-1,-1,-1,-1,-1
DoubleTree by Hilton Metropolitan - New York City,-1,-1,-1,-1,-1,-1,-1,-1,-1,31,33,30,17,-1,44,41,41,35,21,10,-1,24,24,25,22,10,7,16,20,20,19,27,13,9,16,16,18,21,19,18,13,10,9,-1,-1,30,35,23,28,41,43,51,55,43,35,41,54,59,83,81,56,43,32,56,55,100,-1,69,71,81,89,91,82,63,37,36,36,46,46,55,55,52,36,45,49,42,46,44,37,23,34,44,45,49,51,45,38,37,48,44,48,48,43,32,35,34,28,25,27,20,15,17,20,24,30,24,17,13,17,18,26,30,26,14,-1,4,12,7,10,13,18,15,15,29,41,53,71,61,49,59,-1,-1,60,61,40,34,23,43,72,51,-1,30,23,7,5,-1,0,2,-1,-1,10,12,34,21,-1,-1,27,-1,-1,-1,-1,7,5,-1,2,-1,-1,-1,-1,-1,-1,9,13,-1,9,-1,-1,0,-1,-1,-1,-1,-1,-1,-1,6,-1,-1,-1,-1,-1,-1
Bentley Hotel,-1,-1,-1,-1,-1,-1,-1,-1,-1,-1,-1,-1,-1,52,83,-1,86,-1,-1,-1,-1,-1,-1,60,-1,-1,-1,-1,52,49,53,49,-1,13,-1,-1,16,-1,-1,-1,14,-1,-1,17,51,84,-1,27,-1,30,27,-1,-1,-1,-1,-1,-1,-1,-1,-1,-1,-1,-1,-1,63,-1,85,-1,-1,100,-1,-1,-1,-1,-1,-1,-1,-1,-1,-1,-1,-1,-1,34,-1,31,64,-1,-1,88,-1,-1,57,70,-1,30,-1,-1,-1,-1,-1,91,-1,56,45,-1,-1,-1,-1,-1,20,-1,-1,-1,-1,-1,-1,-1,-1,-1,-1,-1,-1,-1,-1,4,10,15,53,55,54,-1,-1,19,-1,69,69,-1,68,60,-1,-1,-1,-1,-1,-1,-1,-1,0,-1,38,38,-1,36,-1,-1,-1,-1,9,-1,-1,-1,40,-1,28,15,-1,-1,-1,-1,-1,-1,-1,-1,-1,-1,-1,-1,-1,-1,-1,-1,-1,-1,-1,-1,-1,-1,-1,-1,-1,-1,-1,-1,-1,-1,-1,-1,-1,-1,-1,-1
Best Western Bowery Hanbee Hotel,-1,-1,-1,-1,-1,72,75,78,-1,-1,-1,-1,-1,-1,58,-1,-1,-1,-1,-1,-1,-1,-1,-1,-1,-1,-1,-1,-1,-1,-1,-1,-1,-1,-1,-1,-1,-1,-1,-1,-1,-1,-1,-1,-1,-1,-1,-1,-1,53,-1,-1,66,66,66,75,79,68,72,75,74,-1,-1,-1,-1,-1,-1,-1,-1,-1,-1,-1,-1,-1,75,-1,60,62,-1,75,75,75,75,75,75,74,62,68,68,68,-1,63,67,72,70,70,67,72,74,-1,75,75,68,-1,53,54,-1,-1,-1,-1,-1,-1,-1,-1,-1,-1,-1,17,26,-1,-1,17,-1,-1,-1,-1,-1,-1,-1,-1,-1,-1,-1,29,-1,-1,-1,-1,78,77,70,-1,-1,-1,-1,-1,-1,-1,-1,-1,-1,-1,-1,0,-1,-1,-1,-1,-1,-1,-1,-1,100,-1,100,-1,-1,-1,-1,-1,-1,-1,-1,-1,-1,-1,-1,-1,-1,-1,-1,-1,-1,-1,-1,-1,-1,-1,-1,-1,-1,-1,-1,-1,-1,-1,-1,-1,-1,-1,-1,-1
The Lombardy,-1,-1,-1,-1,-1,-1,-1,-1,-1,-1,-1,-1,-1,-1,-1,-1,-1,-1,-1,-1,-1,-1,-1,-1,-1,-1,-1,-1,-1,-1,-1,-1,-1,-1,-1,-1,-1,-1,-1,-1,-1,-1,-1,-1,-1,-1,-1,-1,-1,-1,-1,-1,-1,-1,-1,-1,-1,-1,-1,-1,-1,-1,-1,-1,-1,-1,-1,-1,-1,-1,-1,-1,-1,-1,-1,-1,-1,-1,100,-1,-1,-1,-1,-1,-1,-1,-1,-1,-1,-1,-1,-1,-1,-1,88,-1,88,-1,88,88,88,88,88,88,-1,-1,-1,-1,-1,-1,88,-1,-1,67,67,42,17,-1,-1,-1,38,38,19,0,-1,-1,-1,49,54,41,27,-1,-1,-1,-1,-1,-1,-1,-1,-1,-1,-1,-1,-1,-1,-1,-1,-1,-1,-1,-1,-1,-1,-1,-1,-1,-1,-1,-1,-1,-1,-1,-1,-1,-1,-1,-1,-1,-1,-1,-1,-1,-1,-1,-1,-1,-1,-1,-1,-1,-1,-1,-1,-1,-1,-1,-1,-1,-1,-1,-1,-1,-1,-1,-1,-1,-1,-1,-1,-1,-1,-1
The Plaza Hotel,-1,-1,-1,-1,-1,-1,-1,-1,-1,-1,-1,-1,-1,-1,-1,-1,35,-1,-1,-1,-1,-1,-1,-1,13,11,13,16,11,5,9,16,17,20,21,16,10,9,15,13,18,-1,-1,-1,-1,-1,-1,-1,-1,-1,-1,-1,-1,68,-1,-1,-1,-1,-1,99,94,-1,-1,-1,-1,-1,-1,-1,-1,-1,-1,-1,100,100,87,-1,-1,-1,85,96,92,92,76,60,63,40,51,60,47,44,44,47,48,50,52,52,53,60,51,48,81,45,41,40,38,40,35,32,41,39,37,36,35,34,35,38,42,-1,43,41,38,38,38,38,-1,40,40,33,33,32,30,29,29,50,-1,-1,-1,95,-1,-1,-1,-1,-1,80,72,67,72,70,-1,79,71,76,60,60,57,54,61,71,72,67,71,69,72,-1,-1,-1,30,-1,-1,-1,-1,-1,-1,-1,-1,-1,-1,-1,-1,-1,-1,-1,-1,-1,-1,-1,-1,-1,-1,-1,-1,-1,-1,-1,-1,-1,0,-1,-1,-1,-1,-1
NOMO SOHO,-1,-1,-1,-1,-1,-1,-1,-1,-1,-1,-1,-1,-1,-1,-1,-1,-1,-1,16,-1,-1,-1,-1,-1,-1,-1,-1,0,11,15,20,22,8,-1,-1,-1,-1,-1,-1,-1,-1,2,10,13,25,33,-1,13,27,34,-1,54,66,59,-1,-1,68,71,72,69,56,-1,-1,-1,-1,49,100,-1,-1,-1,57,-1,64,95,62,46,46,-1,59,68,59,-1,58,51,64,70,68,72,55,52,-1,-1,72,77,79,-1,-1,-1,46,-1,-1,68,-1,-1,-1,-1,-1,-1,-1,-1,36,41,49,73,-1,57,44,37,35,38,42,41,41,29,-1,-1,10,-1,-1,-1,-1,-1,12,31,-1,-1,58,75,75,55,-1,-1,-1,-1,-1,-1,-1,19,-1,-1,-1,-1,25,18,11,-1,-1,-1,-1,-1,-1,-1,15,7,8,7,4,-1,-1,-1,-1,-1,-1,-1,-1,-1,-1,-1,-1,-1,-1,-1,-1,-1,-1,-1,-1,-1,-1,-1,-1,-1,-1,-1,-1,-1,-1,-1,-1,-1,-1,-1
The Chatwal a Luxury Collection Hotel New York City,-1,-1,-1,-1,-1,-1,-1,-1,-1,-1,-1,-1,-1,-1,-1,-1,-1,-1,-1,-1,-1,-1,-1,-1,-1,-1,-1,-1,-1,-1,-1,-1,-1,-1,-1,-1,-1,-1,-1,-1,-1,-1,-1,-1,-1,12,-1,-1,28,37,-1,100,-1,-1,-1,-1,-1,-1,-1,-1,-1,-1,-1,-1,-1,-1,-1,-1,-1,-1,-1,-1,-1,-1,-1,-1,-1,-1,-1,86,85,79,-1,-1,-1,-1,90,83,76,-1,-1,-1,-1,-1,-1,-1,-1,-1,-1,-1,-1,-1,-1,-1,-1,-1,-1,-1,-1,-1,-1,-1,-1,-1,-1,69,-1,-1,-1,-1,-1,-1,-1,-1,-1,-1,-1,-1,-1,-1,-1,-1,-1,-1,-1,-1,-1,-1,-1,-1,-1,-1,-1,-1,-1,-1,-1,-1,-1,32,42,33,-1,-1,-1,-1,11,14,17,-1,-1,-1,-1,-1,56,40,8,2,2,3,6,5,4,1,1,2,3,6,5,4,1,0,0,1,5,8,2,-1,-1,-1,-1,-1,-1,-1,-1,-1,-1,-1,-1,-1,-1,-1
Best Western Plus Arena Hotel,-1,-1,-1,-1,-1,-1,-1,-1,-1,-1,-1,-1,-1,-1,-1,-1,-1,-1,-1,-1,-1,-1,-1,-1,-1,-1,-1,-1,-1,-1,-1,-1,-1,-1,-1,-1,-1,-1,-1,-1,-1,-1,-1,-1,-1,-1,-1,-1,-1,-1,-1,-1,-1,-1,-1,-1,-1,-1,-1,-1,-1,-1,-1,-1,-1,-1,-1,-1,-1,-1,-1,-1,-1,-1,-1,-1,-1,-1,-1,-1,-1,-1,-1,-1,-1,-1,-1,53,67,-1,74,36,100,-1,-1,72,-1,76,-1,-1,-1,87,-1,-1,38,22,-1,-1,-1,-1,-1,-1,-1,-1,-1,-1,-1,-1,-1,-1,-1,-1,-1,-1,-1,-1,-1,6,32,-1,-1,-1,53,0,37,21,-1,-1,44,40,-1,-1,-1,-1,-1,-1,-1,-1,-1,-1,-1,-1,-1,-1,-1,-1,-1,-1,-1,-1,-1,-1,-1,36,79,46,21,-1,-1,-1,-1,-1,-1,-1,-1,-1,-1,-1,-1,-1,-1,-1,-1,-1,-1,-1,-1,-1,-1,-1,-1,-1,-1,-1,-1,-1,-1,-1,-1,-1,-1,-1
Crowne Plaza Times Square Manhattan,-1,-1,-1,-1,-1,-1,-1,-1,-1,-1,-1,-1,35,-1,-1,-1,-1,-1,45,29,34,37,-1,-1,-1,-1,22,58,60,52,49,47,36,33,18,-1,-1,-1,-1,-1,-1,-1,-1,-1,39,-1,-1,33,-1,62,64,-1,76,-1,-1,57,-1,-1,-1,-1,-1,-1,-1,-1,-1,-1,-1,-1,-1,-1,-1,-1,-1,69,-1,33,-1,50,54,63,81,61,39,43,44,-1,-1,78,70,-1,29,44,39,44,-1,44,66,70,38,40,42,-1,-1,-1,34,29,33,-1,28,27,23,27,50,50,53,34,44,37,29,39,35,34,42,22,17,15,18,-1,-1,-1,-1,-1,-1,33,50,-1,-1,69,-1,-1,-1,-1,-1,-1,-1,-1,-1,-1,-1,-1,-1,-1,-1,-1,-1,-1,-1,7,17,-1,29,-1,-1,100,92,85,-1,-1,-1,-1,-1,-1,-1,-1,-1,-1,0,3,-1,-1,-1,35,33,24,17,12,-1,-1,-1,-1,-1,-1,6,6,6,5,-1,-1,-1,-1,-1,-1
The High Line Hotel,-1,-1,-1,-1,-1,-1,-1,86,-1,-1,-1,39,-1,-1,28,-1,-1,33,54,40,-1,45,-1,-1,-1,-1,55,-1,-1,-1,-1,-1,-1,-1,-1,-1,-1,-1,-1,-1,-1,-1,-1,-1,-1,14,11,11,14,-1,-1,-1,-1,-1,77,-1,-1,-1,-1,-1,-1,-1,-1,-1,-1,-1,-1,-1,-1,-1,-1,-1,-1,-1,-1,-1,-1,-1,-1,-1,-1,-1,-1,-1,-1,-1,-1,-1,-1,-1,46,74,-1,-1,89,-1,86,-1,-1,-1,-1,-1,-1,-1,-1,100,-1,-1,-1,-1,78,87,-1,-1,60,-1,-1,-1,-1,-1,-1,-1,-1,-1,28,17,7,-1,-1,15,19,29,-1,-1,-1,-1,-1,-1,-1,-1,-1,-1,-1,-1,-1,-1,-1,-1,-1,-1,-1,-1,-1,-1,-1,-1,-1,-1,-1,-1,3,28,25,48,18,7,0,-1,-1,-1,-1,-1,-1,-1,-1,-1,-1,-1,-1,-1,-1,-1,-1,-1,-1,-1,-1,-1,-1,-1,-1,-1,-1,-1,-1,-1,-1,-1,-1,-1,-1,-1
Best Western Plus Newark Airport West,-1,-1,-1,-1,-1,-1,-1,-1,-1,-1,-1,-1,-1,-1,-1,-1,-1,-1,-1,-1,-1,-1,72,70,26,35,-1,-1,-1,-1,-1,-1,-1,-1,-1,-1,-1,-1,-1,-1,-1,-1,-1,-1,22,-1,-1,-1,0,6,2,-1,-1,-1,16,28,-1,-1,-1,18,31,-1,23,-1,63,-1,-1,-1,-1,44,50,-1,-1,28,30,-1,-1,-1,-1,-1,-1,-1,-1,66,55,-1,43,41,-1,-1,37,33,36,100,23,-1,27,16,23,-1,-1,15,15,-1,11,6,-1,-1,-1,58,-1,-1,11,-1,-1,-1,-1,-1,-1,-1,12,9,-1,-1,-1,-1,1,-1,-1,-1,-1,13,6,12,15,-1,-1,-1,-1,-1,-1,-1,-1,-1,-1,-1,-1,-1,-1,-1,-1,-1,-1,-1,-1,-1,-1,-1,-1,-1,-1,-1,-1,-1,-1,-1,-1,15,-1,-1,-1,-1,-1,-1,-1,-1,-1,-1,-1,-1,-1,-1,-1,-1,-1,-1,-1,-1,-1,-1,-1,-1,-1,-1,-1,-1,-1,-1,-1,-1,-1,-1
Chelsea Inn,-1,-1,-1,-1,-1,-1,-1,-1,-1,-1,-1,-1,-1,-1,-1,-1,-1,-1,-1,-1,-1,-1,61,64,-1,-1,68,-1,-1,-1,-1,-1,-1,-1,-1,-1,-1,-1,-1,-1,60,-1,-1,56,-1,-1,-1,-1,72,-1,-1,-1,-1,-1,-1,-1,-1,99,-1,-1,-1,-1,-1,-1,-1,-1,-1,-1,-1,-1,-1,-1,-1,-1,-1,-1,-1,-1,-1,-1,-1,-1,-1,-1,-1,-1,-1,-1,-1,100,-1,-1,-1,-1,-1,-1,-1,-1,-1,-1,90,99,98,99,-1,-1,-1,-1,-1,-1,-1,-1,-1,-1,-1,-1,-1,-1,-1,-1,-1,-1,36,-1,41,-1,-1,23,-1,-1,-1,-1,50,44,44,-1,-1,-1,-1,-1,-1,-1,-1,-1,64,62,-1,35,-1,20,29,43,43,-1,-1,-1,-1,91,-1,-1,-1,-1,-1,-1,-1,72,61,37,-1,-1,7,10,12,25,17,5,5,-1,-1,-1,-1,-1,-1,-1,0,-1,-1,-1,-1,-1,-1,-1,19,-1,-1,-1,-1,-1,-1,-1,-1,-1
Park Hyatt New York,12,12,12,12,12,12,12,12,12,12,10,7,12,8,7,8,5,4,3,3,4,5,8,5,4,3,3,8,8,8,8,8,8,8,19,19,19,14,-1,-1,-1,-1,-1,-1,2,9,11,8,10,13,10,-1,-1,38,-1,-1,-1,-1,-1,41,43,35,41,57,63,82,-1,100,-1,78,72,57,63,49,36,-1,-1,-1,-1,-1,38,37,-1,-1,67,-1,-1,-1,-1,-1,-1,-1,-1,-1,-1,26,25,-1,-1,-1,-1,-1,-1,-1,-1,-1,-1,-1,-1,37,36,-1,32,31,-1,38,37,-1,-1,31,-1,39,38,36,32,11,11,-1,-1,-1,-1,-1,-1,-1,-1,-1,40,-1,-1,-1,-1,-1,-1,-1,36,32,17,13,-1,-1,-1,-1,30,27,25,-1,-1,-1,-1,-1,-1,-1,-1,13,22,5,2,4,0,-1,-1,-1,-1,-1,-1,-1,-1,-1,0,-1,-1,-1,-1,-1,-1,-1,-1,-1,-1,-1,-1,-1,-1,-1,-1,-1,-1,-1,-1,-1,-1,-1
The Westin New York Grand Central,-1,-1,-1,-1,-1,23,24,21,25,-1,-1,16,-1,-1,-1,-1,-1,-1,-1,13,19,20,24,-1,-1,13,12,17,-1,25,25,19,10,7,11,15,-1,22,18,11,-1,-1,24,30,-1,-1,-1,-1,-1,-1,37,-1,38,34,35,-1,-1,46,-1,-1,41,41,-1,-1,-1,-1,-1,-1,100,-1,-1,-1,-1,-1,35,32,-1,-1,-1,-1,-1,42,40,42,-1,46,-1,46,26,25,29,35,37,-1,-1,34,29,-1,37,36,38,34,29,29,31,43,37,39,31,21,15,20,26,29,29,-1,14,12,18,26,32,31,24,18,7,2,12,10,11,11,7,-1,-1,-1,45,53,-1,47,53,-1,-1,48,52,-1,33,32,30,28,18,16,34,18,12,8,-1,-1,-1,-1,8,12,22,25,-1,24,17,14,-1,2,-1,-1,-1,4,0,-1,-1,-1,-1,-1,3,1,1,-1,-1,-1,-1,7,1,-1,-1,-1,-1,-1,-1,-1,-1,-1,-1,-1,-1,-1,-1,-1
The Peninsula New York,-1,-1,-1,-1,42,100,-1,42,-1,42,42,42,42,1,42,-1,42,-1,0,42,42,2,-1,8,7,0,7,7,8,-1,8,7,0,-1,42,-1,-1,5,-1,0,-1,-1,-1,-1,3,3,2,3,5,-1,-1,-1,-1,-1,-1,-1,-1,-1,24,22,22,-1,-1,-1,-1,-1,-1,-1,-1,-1,-1,-1,-1,-1,13,5,-1,-1,-1,9,9,8,-1,-1,-1,-1,9,8,8,-1,-1,-1,-1,9,8,8,-1,-1,-1,-1,9,8,8,-1,-1,-1,-1,-1,-1,-1,-1,-1,-1,-1,9,8,8,8,8,9,-1,-1,-1,-1,-1,-1,-1,-1,-1,-1,-1,-1,-1,-1,-1,-1,-1,-1,-1,-1,-1,-1,-1,-1,-1,-1,-1,-1,-1,-1,-1,-1,-1,-1,-1,-1,-1,-1,-1,-1,-1,-1,-1,-1,-1,-1,-1,-1,-1,-1,-1,-1,-1,-1,-1,-1,-1,-1,-1,-1,-1,-1,-1,-1,-1,-1,-1,-1,-1,-1,-1,-1,-1,-1,-1,-1,-1,-1,-1,-1,-1,-1
Gild Hall A Thompson Hotel,-1,-1,-1,-1,-1,-1,-1,71,70,60,54,43,-1,-1,64,68,51,46,30,40,-1,-1,29,47,22,35,-1,-1,51,29,31,31,29,21,-1,55,43,22,33,21,21,-1,43,38,37,45,37,-1,-1,62,38,44,47,36,37,46,-1,-1,62,68,49,-1,-1,-1,-1,-1,85,72,-1,-1,81,-1,-1,-1,73,-1,-1,-1,83,100,-1,63,43,-1,68,59,63,73,57,-1,-1,-1,61,62,58,50,38,-1,40,48,-1,46,36,-1,-1,-1,58,55,48,38,-1,-1,-1,43,45,34,25,20,-1,-1,53,-1,50,-1,-1,-1,-1,-1,-1,-1,-1,1,36,15,63,62,60,58,50,50,42,35,49,49,33,35,-1,-1,-1,14,14,-1,-1,-1,-1,-1,-1,-1,-1,3,0,17,-1,-1,-1,10,-1,-1,-1,-1,-1,-1,-1,-1,-1,1,-1,13,5,-1,-1,-1,10,-1,17,-1,-1,-1,-1,-1,-1,17,-1,7,-1,-1,-1,-1,19,-1,-1,-1
Hilton Garden Inn Times Square,-1,-1,-1,-1,-1,-1,-1,-1,-1,-1,54,42,43,51,77,51,55,51,-1,30,34,-1,45,47,-1,38,34,-1,35,32,43,35,27,-1,28,-1,28,-1,32,24,28,22,27,21,32,37,39,35,48,55,55,57,77,58,47,58,58,60,72,73,65,57,36,45,57,67,81,67,83,100,98,94,85,82,49,45,37,48,60,68,70,60,47,45,58,51,58,62,55,51,49,54,51,59,61,50,44,43,-1,43,54,59,54,41,50,48,57,59,60,34,33,31,-1,36,45,45,34,26,27,34,28,35,50,30,23,24,14,19,26,23,41,28,25,36,47,64,83,84,76,69,74,63,-1,-1,67,55,45,35,18,-1,-1,26,22,18,17,8,14,20,24,30,34,28,42,42,47,31,28,4,3,2,3,-1,4,3,2,-1,-1,4,9,10,23,-1,28,-1,-1,6,0,1,-1,-1,-1,-1,-1,-1,-1,-1,2,-1,-1,-1,-1,3
Langham Place New York Fifth Avenue,-1,-1,-1,-1,-1,-1,-1,80,94,100,69,17,6,12,-1,-1,30,21,9,0,-1,8,-1,10,9,10,0,-1,-1,-1,22,14,10,2,11,-1,-1,-1,14,7,1,13,19,30,38,37,35,37,27,39,-1,57,68,62,64,58,55,-1,-1,-1,59,47,-1,52,47,54,75,76,71,81,80,-1,-1,39,37,47,47,64,71,62,58,51,43,47,-1,60,64,54,47,42,-1,55,56,55,44,30,31,48,-1,56,51,37,35,22,43,40,-1,50,41,42,32,-1,-1,-1,38,35,32,32,47,37,36,47,40,32,25,-1,-1,-1,35,31,31,23,26,44,54,69,62,73,58,67,69,-1,73,57,55,47,36,29,-1,34,36,31,33,33,31,-1,30,33,30,-1,-1,-1,-1,25,27,35,31,-1,-1,-1,-1,23,22,18,17,17,-1,20,20,18,17,17,17,-1,23,23,19,17,17,17,-1,20,19,19,18,17,-1,-1,20,19,19,-1
Hyatt Union Square New York,-1,-1,-1,-1,-1,-1,-1,-1,-1,-1,-1,-1,-1,48,46,-1,-1,-1,-1,34,35,36,47,40,-1,30,-1,32,-1,-1,-1,-1,30,27,32,-1,-1,-1,-1,49,-1,-1,47,46,46,-1,46,29,39,52,64,70,69,63,55,65,-1,82,-1,-1,-1,-1,59,-1,96,-1,-1,-1,-1,-1,-1,-1,-1,88,-1,-1,58,64,67,74,-1,68,56,60,67,66,68,68,56,53,52,58,85,-1,90,78,63,59,60,52,52,58,60,55,47,54,58,59,57,-1,44,45,52,-1,53,50,56,42,42,48,47,62,46,32,-1,21,14,-1,-1,20,-1,-1,47,61,-1,73,100,76,72,72,-1,-1,-1,97,-1,65,-1,52,-1,53,-1,32,8,10,0,0,0,18,14,15,13,19,35,58,18,-1,19,13,-1,25,-1,-1,-1,21,23,27,-1,-1,-1,-1,21,23,27,-1,-1,-1,-1,21,-1,-1,-1,-1,-1,-1,21,23,27,20,18,16,15,15
The New York EDITION,-1,-1,-1,-1,-1,-1,-1,-1,-1,38,33,30,32,30,33,38,38,33,30,32,30,24,29,38,33,30,32,30,24,38,38,33,30,32,30,33,38,38,25,30,32,30,33,38,38,33,-1,-1,-1,-1,-1,-1,94,74,84,49,62,-1,-1,62,49,-1,61,81,-1,-1,95,81,-1,81,95,-1,-1,78,59,-1,56,73,-1,-1,100,74,-1,74,100,-1,-1,68,61,-1,61,56,-1,100,56,53,-1,53,56,-1,-1,56,53,-1,53,56,-1,-1,56,53,-1,53,56,-1,-1,56,53,-1,45,45,-1,-1,35,29,-1,16,16,-1,-1,16,16,-1,41,52,-1,-1,71,96,-1,-1,-1,-1,-1,-1,88,75,47,37,-1,-1,35,30,-1,19,19,-1,-1,16,19,-1,45,63,-1,-1,63,48,-1,15,14,-1,-1,4,0,-1,0,4,-1,-1,4,0,-1,0,4,-1,-1,4,0,-1,6,11,-1,-1,11,6,-1,6,11,-1,-1,11,6,-1
Westin New York at Times Square,-1,-1,-1,-1,-1,-1,-1,42,-1,35,33,31,-1,51,78,-1,42,34,24,-1,19,22,-1,33,29,23,23,26,32,27,25,24,18,22,21,22,-1,22,21,15,-1,14,25,14,23,39,30,-1,51,-1,-1,-1,-1,63,41,45,60,-1,69,-1,57,35,28,41,-1,93,88,85,-1,-1,100,-1,-1,71,46,-1,55,60,88,76,72,58,52,42,59,-1,52,49,27,26,31,44,-1,50,49,40,36,40,52,56,54,53,38,35,38,47,-1,45,44,26,23,34,42,-1,43,37,35,22,28,41,33,44,43,29,11,6,19,25,17,18,16,27,26,41,54,59,73,67,72,79,87,-1,85,82,60,50,42,35,-1,-1,-1,26,14,15,11,0,-1,-1,-1,-1,-1,-1,-1,-1,36,31,31,1,1,-1,-1,-1,-1,-1,-1,-1,-1,-1,17,22,35,-1,-1,-1,27,18,-1,-1,-1,-1,-1,-1,-1,-1,-1,-1,-1,-1,-1,-1,-1,-1
W New York,-1,-1,-1,-1,-1,-1,-1,-1,-1,-1,-1,-1,-1,-1,-1,-1,-1,36,22,-1,-1,-1,34,30,23,13,13,18,20,26,25,21,15,13,20,-1,29,26,12,5,-1,20,20,29,-1,34,35,-1,-1,-1,51,37,-1,-1,-1,48,74,75,73,-1,47,46,41,52,64,91,100,-1,-1,-1,-1,-1,74,59,42,24,34,42,49,50,46,37,37,-1,-1,47,45,42,36,33,-1,59,48,59,-1,57,48,-1,-1,49,43,-1,41,46,45,-1,54,-1,42,24,38,32,39,41,37,35,35,24,26,45,43,39,33,-1,-1,3,7,11,15,-1,20,-1,34,51,80,68,69,-1,-1,-1,-1,-1,69,65,-1,-1,-1,-1,30,27,25,15,-1,11,7,1,0,0,4,5,11,-1,-1,-1,36,-1,34,-1,-1,-1,-1,-1,-1,-1,-1,-1,-1,17,-1,-1,-1,-1,-1,-1,-1,-1,-1,-1,-1,-1,-1,-1,-1,-1,-1,-1,-1,-1,-1,-1,-1,-1
DoubleTree by Hilton Hotel New York - Times Square South,-1,-1,-1,-1,40,28,32,-1,32,-1,-1,36,27,33,-1,65,51,-1,17,21,18,-1,23,-1,20,10,16,17,-1,29,-1,-1,14,14,-1,-1,33,-1,-1,5,16,-1,14,22,19,-1,-1,14,-1,25,-1,45,62,37,38,38,36,53,51,-1,46,-1,21,32,47,62,73,-1,100,-1,-1,78,-1,66,46,26,27,-1,39,-1,72,51,-1,-1,-1,45,38,-1,34,33,33,41,45,40,-1,47,26,-1,-1,33,39,-1,31,27,-1,39,25,25,-1,22,26,28,-1,24,27,24,17,29,21,27,28,-1,27,16,17,-1,8,3,5,8,28,17,22,-1,-1,52,78,-1,-1,-1,-1,-1,38,-1,-1,29,-1,19,-1,-1,-1,38,20,18,15,-1,-1,8,12,11,15,-1,32,62,59,27,-1,-1,-1,1,-1,-1,-1,-1,-1,-1,-1,-1,0,-1,-1,-1,-1,-1,-1,-1,-1,-1,-1,-1,-1,-1,-1,-1,-1,-1,-1,-1,-1,-1,-1,-1
Howard Johnson Inn Jamaica JFK Airport NYC,-1,-1,-1,-1,-1,-1,-1,-1,-1,-1,-1,-1,-1,-1,-1,-1,-1,-1,-1,-1,-1,-1,-1,-1,-1,-1,-1,-1,-1,-1,-1,-1,-1,-1,-1,-1,-1,-1,-1,-1,-1,-1,-1,-1,-1,-1,-1,-1,-1,-1,-1,-1,-1,-1,-1,-1,-1,-1,-1,-1,-1,-1,-1,-1,-1,-1,-1,-1,-1,-1,-1,-1,-1,-1,66,-1,66,52,-1,-1,84,-1,78,88,65,54,50,-1,-1,-1,50,-1,26,-1,50,47,-1,-1,-1,27,50,-1,-1,-1,55,41,-1,-1,-1,-1,-1,36,24,-1,-1,22,14,-1,15,4,-1,-1,-1,-1,-1,15,4,0,11,-1,-1,-1,14,4,-1,-1,-1,-1,-1,14,6,-1,-1,-1,-1,-1,14,6,-1,-1,-1,-1,-1,14,6,15,25,33,40,9,25,33,-1,-1,100,64,52,50,-1,-1,-1,-1,-1,-1,-1,-1,-1,-1,-1,-1,-1,-1,-1,-1,-1,-1,-1,-1,-1,-1,-1,-1,-1,25,-1,-1,-1,-1,-1,-1,-1,-1
The Out NYC,-1,-1,-1,-1,-1,-1,-1,-1,-1,3,-1,-1,-1,-1,-1,-1,-1,-1,-1,-1,-1,-1,-1,-1,-1,-1,-1,-1,-1,-1,-1,-1,-1,-1,-1,-1,-1,-1,-1,-1,-1,-1,-1,-1,-1,-1,-1,-1,-1,-1,-1,-1,-1,-1,-1,-1,-1,49,78,-1,-1,-1,-1,-1,36,44,76,78,-1,-1,-1,-1,100,86,67,39,36,30,39,71,91,90,50,57,43,28,38,47,29,45,38,41,39,55,70,44,37,0,34,-1,18,14,42,-1,31,39,19,-1,23,13,7,-1,-1,-1,-1,-1,-1,-1,-1,-1,-1,-1,-1,-1,-1,-1,-1,-1,-1,-1,-1,-1,-1,-1,-1,-1,-1,62,57,-1,41,-1,-1,-1,-1,-1,-1,-1,-1,-1,-1,-1,-1,-1,-1,-1,-1,-1,-1,-1,-1,-1,-1,-1,-1,-1,-1,-1,-1,-1,-1,-1,-1,-1,-1,-1,-1,-1,-1,-1,-1,-1,-1,-1,-1,-1,-1,-1,-1,-1,-1,-1,-1,-1,-1,-1,-1,-1,-1,-1,-1,-1
Hyatt Place New York Midtown South,-1,-1,-1,-1,-1,-1,-1,-1,-1,-1,-1,-1,-1,-1,-1,-1,-1,-1,-1,-1,-1,-1,-1,-1,-1,-1,-1,75,-1,-1,75,-1,-1,-1,-1,-1,67,14,17,-1,-1,10,15,17,-1,-1,-1,-1,-1,-1,41,-1,-1,50,51,-1,-1,71,80,79,62,-1,55,66,58,80,-1,-1,-1,-1,80,78,78,-1,66,-1,45,-1,-1,-1,95,87,73,-1,92,66,67,-1,-1,56,36,61,-1,-1,86,-1,45,51,47,43,50,48,47,51,36,55,47,50,50,30,36,30,45,45,50,36,17,19,26,-1,22,-1,-1,16,11,5,11,8,11,-1,20,16,31,53,56,70,83,73,64,75,64,-1,64,67,56,39,31,-1,0,6,-1,-1,17,10,11,-1,0,12,11,36,23,45,83,-1,100,59,22,5,3,-1,-1,-1,-1,-1,-1,3,-1,-1,0,0,5,11,22,0,6,0,-1,-1,-1,-1,-1,-1,-1,-1,-1,-1,2,2,-1,-1,-1,-1
Courtyard by Marriott New York Manhattan   Central Park,-1,-1,-1,-1,-1,-1,-1,-1,-1,-1,-1,-1,-1,-1,-1,-1,-1,-1,-1,33,-1,-1,-1,-1,-1,-1,-1,-1,-1,-1,-1,-1,-1,30,-1,-1,-1,-1,42,-1,-1,37,-1,-1,-1,-1,-1,-1,-1,-1,-1,-1,-1,-1,-1,-1,-1,-1,-1,-1,-1,82,-1,-1,-1,-1,-1,-1,-1,-1,-1,-1,-1,-1,-1,-1,-1,-1,-1,-1,-1,-1,-1,-1,-1,-1,-1,-1,-1,77,-1,-1,-1,85,-1,-1,77,69,-1,55,63,81,-1,76,-1,-1,-1,-1,-1,-1,68,-1,-1,49,-1,-1,-1,43,48,-1,-1,55,55,43,28,-1,40,29,-1,-1,46,-1,63,-1,90,-1,-1,-1,92,-1,-1,-1,87,99,-1,56,58,-1,-1,-1,-1,36,-1,-1,-1,-1,-1,17,-1,-1,-1,82,100,93,-1,50,-1,1,3,1,1,2,4,3,1,1,0,4,16,21,-1,-1,-1,-1,-1,-1,-1,-1,-1,-1,-1,-1,-1,-1,-1,-1,-1,-1,-1,-1,-1,-1
The Premier Hotel New York,-1,-1,-1,-1,-1,-1,-1,-1,-1,-1,-1,-1,-1,-1,-1,-1,-1,-1,-1,-1,-1,30,-1,47,-1,-1,-1,-1,-1,-1,-1,-1,-1,-1,-1,-1,-1,-1,-1,-1,-1,-1,-1,-1,-1,-1,-1,-1,-1,-1,-1,-1,-1,-1,-1,-1,-1,-1,-1,-1,-1,-1,-1,-1,-1,-1,-1,-1,-1,-1,-1,-1,-1,-1,-1,-1,-1,-1,-1,-1,-1,-1,-1,-1,46,-1,-1,-1,-1,-1,-1,77,80,-1,91,72,-1,13,-1,-1,46,-1,37,22,-1,-1,-1,-1,-1,-1,-1,25,18,-1,-1,19,24,20,12,5,7,1,12,40,54,54,46,-1,53,43,-1,38,37,-1,-1,-1,-1,-1,91,86,100,87,-1,-1,-1,-1,-1,-1,36,27,-1,-1,-1,-1,-1,-1,0,14,16,29,22,24,-1,-1,-1,-1,-1,12,-1,-1,-1,-1,-1,-1,-1,-1,-1,-1,-1,-1,-1,-1,-1,-1,-1,-1,-1,-1,-1,-1,-1,-1,-1,-1,-1,-1,-1,-1,-1,-1,-1,-1
Fairfield Inn by Marriott LaGuardia Airport Flushing,-1,-1,-1,-1,-1,-1,-1,-1,-1,-1,-1,20,20,23,27,32,30,23,11,25,32,43,-1,43,34,25,11,18,20,32,30,23,11,20,5,14,25,-1,-1,-1,-1,-1,-1,-1,-1,-1,-1,-1,100,100,-1,-1,-1,-1,-1,-1,50,-1,30,30,-1,23,30,-1,-1,-1,-1,-1,-1,-1,-1,-1,-1,32,-1,27,-1,-1,-1,-1,-1,-1,-1,-1,-1,-1,30,18,-1,14,14,-1,-1,30,23,30,20,23,-1,-1,27,25,-1,7,11,-1,-1,14,14,-1,7,14,-1,-1,-1,27,-1,11,27,-1,-1,30,-1,-1,14,-1,-1,-1,9,9,-1,2,2,-1,-1,9,9,-1,-1,-1,-1,-1,0,9,-1,7,5,-1,-1,-1,-1,-1,-1,-1,-1,-1,-1,-1,-1,-1,-1,-1,-1,-1,-1,45,77,91,59,-1,-1,-1,-1,-1,-1,-1,-1,-1,-1,-1,-1,-1,-1,-1,-1,-1,-1,-1,-1,-1,-1,-1,-1,-1,-1,-1,-1,-1,-1,-1,-1,-1
Super 8 Brooklyn   Park Slope Hotel,-1,-1,-1,-1,-1,-1,-1,-1,-1,-1,-1,-1,-1,-1,-1,-1,-1,-1,-1,-1,-1,-1,-1,-1,8,-1,19,-1,0,-1,-1,-1,-1,-1,-1,-1,-1,-1,10,-1,-1,30,28,19,18,28,30,-1,30,28,28,28,28,30,-1,30,28,-1,-1,-1,-1,-1,-1,-1,-1,100,100,88,77,62,44,-1,-1,-1,-1,-1,18,11,-1,-1,-1,-1,-1,-1,-1,-1,-1,-1,-1,-1,-1,-1,-1,-1,-1,-1,-1,-1,-1,-1,-1,-1,-1,-1,-1,19,-1,-1,-1,-1,-1,-1,-1,-1,-1,-1,-1,-1,-1,-1,17,9,22,25,29,-1,-1,-1,-1,-1,-1,-1,-1,21,-1,-1,-1,-1,-1,-1,-1,-1,-1,-1,-1,-1,-1,-1,-1,-1,-1,-1,-1,-1,-1,-1,-1,-1,-1,-1,-1,-1,-1,-1,-1,-1,-1,-1,-1,-1,-1,-1,-1,-1,-1,-1,-1,-1,-1,-1,-1,-1,-1,-1,-1,-1,-1,-1,-1,-1,-1,-1,-1,-1,-1,-1,-1,-1,-1,-1,-1,-1
New York Marriott Downtown,-1,-1,-1,-1,-1,-1,-1,-1,-1,-1,-1,-1,-1,-1,-1,-1,-1,-1,-1,-1,-1,-1,-1,-1,-1,-1,-1,-1,-1,-1,-1,-1,-1,-1,-1,-1,-1,-1,-1,21,-1,-1,-1,-1,-1,-1,-1,-1,-1,-1,-1,32,-1,34,39,-1,-1,-1,-1,-1,76,69,75,-1,-1,-1,-1,81,85,-1,-1,-1,-1,-1,66,60,71,90,-1,-1,-1,-1,-1,-1,100,-1,78,70,59,57,68,87,-1,87,72,51,41,46,62,-1,68,61,52,45,55,70,-1,63,65,52,42,38,63,-1,59,-1,39,32,44,68,-1,70,55,29,-1,-1,-1,-1,-1,-1,-1,21,49,-1,-1,-1,91,79,86,76,96,-1,-1,86,-1,-1,-1,-1,-1,-1,-1,-1,-1,-1,-1,-1,-1,-1,-1,0,8,21,-1,-1,-1,-1,-1,-1,-1,-1,-1,-1,-1,-1,-1,-1,-1,-1,-1,-1,-1,-1,-1,-1,-1,-1,-1,-1,-1,-1,-1,-1,-1,-1,-1,-1,-1,-1,-1,-1,-1,-1
Courtyard by Marriott New York City Manhattan Fifth Avenue,-1,-1,-1,-1,-1,-1,-1,-1,-1,-1,-1,-1,-1,-1,-1,-1,-1,-1,-1,-1,16,22,-1,-1,-1,12,9,14,20,-1,-1,23,15,11,12,15,-1,-1,-1,-1,8,-1,-1,-1,25,33,30,17,28,-1,-1,-1,-1,-1,33,41,-1,-1,-1,-1,-1,55,-1,-1,-1,-1,-1,-1,100,-1,-1,-1,-1,-1,-1,-1,-1,-1,-1,-1,-1,62,-1,-1,-1,46,-1,-1,-1,-1,-1,-1,-1,-1,-1,-1,-1,-1,-1,-1,-1,-1,-1,-1,-1,-1,-1,-1,-1,-1,-1,-1,-1,-1,-1,-1,-1,-1,-1,-1,-1,-1,-1,-1,-1,-1,-1,-1,-1,-1,-1,-1,-1,-1,-1,-1,-1,-1,-1,-1,-1,-1,-1,-1,-1,39,-1,-1,-1,-1,-1,-1,-1,0,-1,-1,-1,-1,-1,-1,-1,-1,-1,-1,-1,-1,-1,-1,-1,-1,-1,-1,-1,-1,-1,-1,-1,-1,-1,-1,-1,-1,-1,-1,-1,-1,-1,-1,-1,-1,-1,-1,-1,-1,-1,-1,-1,-1,-1,-1,-1,-1
The Mark,-1,-1,-1,-1,-1,-1,-1,-1,-1,-1,-1,36,43,35,26,-1,-1,-1,9,-1,-1,-1,-1,-1,-1,-1,-1,-1,-1,-1,-1,-1,-1,-1,-1,-1,-1,-1,-1,-1,-1,0,20,39,-1,-1,-1,-1,42,34,54,74,100,-1,-1,-1,-1,88,-1,-1,-1,-1,-1,-1,-1,-1,-1,-1,-1,-1,-1,-1,-1,-1,-1,-1,-1,-1,-1,-1,-1,-1,-1,-1,-1,-1,-1,-1,-1,-1,-1,76,-1,-1,-1,-1,-1,-1,-1,-1,-1,-1,-1,-1,-1,-1,-1,-1,-1,-1,-1,-1,-1,-1,-1,-1,-1,-1,-1,-1,-1,-1,-1,-1,-1,-1,-1,-1,-1,-1,-1,-1,-1,-1,-1,-1,-1,-1,-1,-1,-1,-1,-1,-1,-1,-1,57,50,-1,-1,-1,-1,-1,-1,-1,-1,-1,-1,-1,-1,-1,-1,-1,-1,-1,-1,-1,-1,-1,-1,-1,-1,-1,-1,-1,-1,-1,-1,-1,-1,-1,-1,-1,-1,-1,-1,-1,-1,-1,-1,-1,-1,-1,-1,-1,-1,-1,-1,-1,-1,-1,-1
Wyndham Garden Long Island City Manhattan View,-1,-1,-1,-1,-1,-1,77,-1,-1,-1,-1,-1,-1,-1,-1,-1,-1,-1,-1,-1,-1,-1,-1,-1,60,49,-1,40,-1,-1,-1,-1,34,-1,-1,-1,28,-1,39,9,-1,-1,-1,25,36,-1,51,-1,-1,-1,-1,-1,-1,-1,-1,-1,-1,-1,-1,-1,-1,-1,-1,-1,-1,-1,-1,-1,-1,-1,-1,100,-1,87,-1,-1,-1,-1,-1,-1,-1,-1,-1,-1,-1,73,87,92,78,-1,95,-1,-1,83,-1,44,-1,-1,-1,-1,-1,98,-1,-1,-1,-1,-1,-1,-1,-1,-1,-1,30,30,-1,38,36,-1,22,25,-1,-1,-1,-1,16,18,-1,-1,-1,-1,41,39,54,54,62,56,70,86,86,80,80,77,62,-1,-1,61,48,34,-1,-1,-1,-1,-1,-1,-1,-1,9,15,-1,-1,-1,36,-1,-1,-1,-1,-1,-1,-1,-1,-1,-1,-1,-1,-1,-1,-1,-1,-1,-1,-1,-1,-1,-1,-1,-1,-1,-1,-1,-1,-1,-1,-1,-1,-1,-1,3,0,-1,-1,-1,-1
Courtyard New York Manhattan Times Square West,-1,-1,-1,-1,-1,-1,-1,-1,-1,26,-1,23,-1,33,39,-1,-1,-1,-1,27,-1,32,-1,-1,-1,29,-1,-1,30,-1,-1,29,23,-1,21,25,-1,-1,27,25,-1,-1,-1,-1,-1,-1,-1,24,27,-1,-1,-1,-1,-1,-1,-1,-1,-1,-1,-1,-1,-1,-1,-1,-1,-1,-1,-1,-1,100,-1,-1,-1,-1,-1,-1,-1,-1,-1,-1,-1,-1,-1,-1,-1,43,-1,-1,-1,-1,-1,-1,-1,-1,-1,-1,-1,-1,42,-1,-1,-1,-1,30,-1,-1,-1,-1,-1,-1,-1,-1,-1,-1,-1,-1,-1,-1,-1,-1,-1,-1,-1,-1,-1,-1,-1,-1,-1,-1,-1,-1,-1,-1,-1,-1,-1,-1,-1,-1,-1,-1,-1,-1,-1,-1,-1,-1,-1,-1,33,25,13,-1,-1,-1,-1,-1,7,11,15,17,21,17,19,17,13,-1,2,0,3,3,2,-1,-1,-1,-1,-1,-1,-1,-1,-1,-1,30,-1,12,-1,-1,-1,-1,-1,-1,-1,-1,-1,-1,-1,-1,-1,-1,-1,-1
Smyth A Thompson Hotel,-1,-1,-1,-1,54,-1,-1,-1,-1,50,38,22,-1,-1,-1,-1,41,47,34,-1,-1,30,32,38,36,24,-1,-1,37,35,38,30,21,23,13,18,-1,9,24,16,10,15,17,26,27,35,21,14,33,35,45,58,67,65,62,61,73,66,78,69,60,49,49,49,-1,-1,61,66,69,76,68,71,65,65,56,54,49,49,-1,55,71,44,34,-1,-1,-1,56,58,51,-1,-1,50,56,-1,-1,-1,55,49,36,-1,68,-1,65,-1,30,81,-1,-1,71,68,51,76,100,-1,64,-1,31,30,-1,-1,-1,-1,-1,-1,-1,-1,-1,6,8,-1,-1,16,39,47,58,94,73,76,80,73,66,-1,72,-1,57,51,46,48,-1,-1,-1,-1,-1,-1,0,-1,-1,-1,-1,-1,-1,-1,22,17,8,22,-1,-1,-1,-1,-1,-1,-1,-1,7,-1,-1,-1,-1,2,-1,-1,-1,13,-1,-1,19,-1,-1,-1,-1,-1,-1,-1,-1,-1,-1,-1,-1,-1,-1,-1
Residence Inn Newark Elizabeth Liberty International Airport,-1,-1,85,75,66,76,-1,-1,-1,-1,-1,86,42,-1,-1,-1,63,53,42,42,-1,-1,-1,63,53,62,55,-1,-1,-1,70,62,55,55,-1,-1,-1,-1,-1,-1,55,-1,-1,-1,72,60,49,42,-1,-1,70,70,53,53,57,-1,-1,-1,75,66,57,62,-1,-1,-1,-1,-1,-1,-1,-1,-1,-1,-1,-1,-1,-1,-1,-1,-1,65,81,68,64,-1,-1,-1,-1,100,52,55,-1,-1,-1,60,55,51,51,-1,-1,-1,48,38,29,27,-1,-1,-1,24,20,17,19,-1,-1,-1,30,23,18,18,-1,-1,-1,32,21,11,5,-1,-1,8,8,8,8,11,-1,-1,-1,30,21,11,11,-1,-1,-1,32,21,11,11,17,24,26,21,15,3,2,0,0,-1,-1,-1,-1,-1,-1,-1,-1,-1,-1,42,9,4,6,9,9,9,9,8,-1,-1,9,8,6,7,7,-1,-1,9,9,6,7,7,-1,-1,9,8,6,7,7,-1,-1,9,9,9,9,9
Loews Regency New York Hotel,-1,-1,-1,-1,-1,17,-1,-1,-1,-1,20,19,17,-1,-1,-1,-1,20,19,14,-1,-1,14,14,14,14,10,-1,-1,14,14,14,13,10,-1,-1,13,14,13,12,12,12,13,14,-1,-1,-1,-1,34,44,50,62,63,60,54,63,63,-1,70,67,63,68,68,68,-1,-1,93,97,93,-1,97,100,93,87,77,60,-1,68,-1,70,62,58,52,72,70,67,68,58,58,52,54,52,51,47,47,45,52,34,50,40,45,45,38,32,32,24,32,39,34,30,40,30,47,34,50,34,33,24,24,24,37,44,51,50,15,15,15,15,22,22,25,38,38,49,36,49,70,57,49,50,57,50,67,67,63,60,57,-1,25,19,22,29,25,29,-1,-1,-1,-1,22,22,22,15,55,44,39,27,-1,-1,-1,-1,-1,-1,1,0,0,-1,-1,-1,8,2,-1,-1,-1,-1,-1,11,2,-1,-1,-1,-1,-1,-1,-1,-1,-1,-1,-1,-1,-1,-1,-1
Hampton Inn & Suites Staten Island,-1,-1,-1,-1,-1,-1,-1,-1,-1,30,-1,-1,-1,-1,-1,-1,16,-1,-1,-1,-1,-1,-1,16,-1,-1,-1,-1,-1,-1,16,-1,3,-1,-1,-1,-1,16,-1,17,-1,-1,-1,-1,38,46,45,-1,-1,-1,-1,59,-1,45,-1,-1,-1,-1,30,-1,-1,-1,-1,-1,-1,59,42,20,-1,-1,-1,-1,39,-1,-1,-1,-1,-1,-1,39,-1,-1,-1,-1,-1,-1,59,-1,23,-1,-1,-1,-1,-1,-1,100,-1,-1,-1,-1,59,-1,-1,-1,-1,-1,-1,-1,-1,-1,-1,-1,-1,-1,45,45,-1,-1,-1,-1,-1,-1,-1,-1,-1,-1,-1,-1,39,42,-1,-1,-1,-1,-1,39,42,-1,-1,-1,-1,-1,59,-1,-1,-1,-1,-1,-1,39,-1,-1,-1,-1,-1,-1,30,39,-1,-1,-1,-1,-1,-1,-1,-1,-1,-1,-1,-1,0,4,-1,-1,-1,-1,-1,0,4,-1,-1,-1,-1,-1,17,-1,-1,-1,-1,-1,-1,17,-1,-1,-1,-1,-1,-1,17,-1,-1,-1
DoubleTree by Hilton New York City - Financial District,-1,-1,-1,-1,-1,-1,-1,-1,-1,51,45,32,34,45,62,62,57,42,29,23,29,-1,38,43,34,25,21,31,37,34,37,31,22,17,19,29,19,20,26,16,12,18,27,25,-1,35,25,25,37,-1,36,32,83,35,-1,39,55,82,91,100,64,44,47,57,-1,-1,67,69,65,73,-1,-1,-1,67,44,41,50,-1,70,-1,-1,66,38,53,-1,60,57,-1,43,40,61,70,72,-1,61,47,41,-1,-1,56,-1,-1,38,19,27,34,33,36,36,25,30,26,34,35,-1,30,20,25,28,-1,-1,-1,-1,22,15,3,6,0,-1,-1,-1,17,25,46,53,-1,-1,46,52,67,-1,64,62,-1,47,29,22,-1,17,-1,-1,-1,-1,-1,-1,-1,-1,-1,0,-1,-1,-1,32,36,37,15,19,-1,-1,-1,-1,-1,-1,-1,-1,-1,-1,-1,-1,-1,-1,8,-1,-1,-1,-1,-1,-1,-1,-1,-1,-1,-1,-1,-1,-1,-1,-1,-1,-1,1,0
Andaz Wall Street - a concept by Hyatt,-1,-1,-1,-1,-1,-1,-1,-1,42,-1,-1,-1,27,37,-1,-1,-1,37,-1,-1,26,-1,-1,37,34,24,-1,31,-1,-1,29,26,-1,24,-1,-1,29,29,26,-1,18,-1,-1,30,34,34,34,30,-1,100,-1,42,-1,38,38,-1,61,-1,-1,93,-1,46,46,-1,-1,55,-1,64,59,63,-1,86,-1,91,38,33,39,-1,-1,72,58,65,-1,64,-1,-1,-1,63,37,33,-1,-1,-1,-1,67,38,42,46,-1,-1,-1,53,33,40,35,52,-1,57,50,35,30,24,35,43,37,25,14,16,31,47,57,63,37,13,-1,-1,10,3,11,5,10,15,26,35,57,-1,82,49,42,51,-1,65,-1,76,45,33,-1,18,-1,13,18,11,14,7,-1,-1,-1,0,4,8,-1,11,17,30,20,-1,5,-1,-1,5,-1,3,0,2,-1,-1,-1,23,-1,-1,2,-1,14,-1,17,15,-1,-1,-1,-1,-1,-1,-1,9,-1,8,-1,-1,22,-1,14,-1
Millenium Hilton,-1,-1,-1,-1,-1,-1,-1,-1,-1,-1,49,24,49,56,-1,-1,-1,53,44,16,30,36,38,39,33,25,16,27,30,34,36,29,19,16,16,19,42,19,16,16,16,15,-1,34,38,34,14,19,24,33,36,53,58,49,48,63,-1,84,-1,84,80,41,-1,-1,97,-1,84,80,-1,-1,-1,-1,-1,-1,65,-1,68,-1,-1,84,78,66,51,66,-1,68,73,69,56,54,66,-1,63,85,69,60,57,57,60,66,65,48,36,34,53,66,66,62,53,37,12,25,45,53,60,45,21,25,44,57,66,-1,-1,32,-1,-1,-1,-1,-1,14,13,25,27,33,97,100,-1,89,68,53,63,66,-1,-1,81,60,26,30,37,-1,-1,-1,0,-1,-1,-1,-1,9,-1,-1,-1,24,-1,-1,-1,-1,-1,-1,-1,-1,4,-1,0,-1,-1,-1,-1,22,16,4,-1,4,12,20,-1,-1,8,-1,-1,-1,-1,-1,-1,-1,8,-1,-1,29,20,12,4,-1
Blakely New York,-1,-1,-1,-1,-1,-1,-1,-1,-1,-1,-1,-1,-1,-1,-1,-1,-1,-1,-1,33,-1,-1,-1,-1,-1,-1,-1,-1,-1,-1,-1,-1,-1,-1,-1,-1,-1,-1,-1,-1,25,-1,-1,48,-1,-1,-1,-1,-1,-1,-1,-1,-1,-1,-1,-1,-1,-1,-1,-1,-1,-1,-1,-1,-1,-1,-1,-1,-1,-1,-1,-1,-1,-1,-1,-1,-1,-1,-1,-1,-1,-1,-1,-1,-1,-1,92,-1,79,79,86,93,93,93,-1,93,-1,79,86,71,86,93,100,93,-1,68,58,57,55,-1,58,56,-1,-1,-1,-1,-1,-1,-1,-1,-1,-1,-1,-1,-1,-1,32,32,32,30,33,-1,-1,-1,-1,-1,-1,-1,-1,-1,-1,-1,-1,-1,-1,-1,-1,-1,23,-1,-1,-1,-1,-1,-1,-1,-1,-1,-1,-1,-1,-1,-1,-1,-1,-1,-1,-1,0,-1,-1,-1,-1,-1,-1,-1,-1,-1,-1,-1,-1,-1,-1,-1,-1,-1,-1,-1,-1,-1,-1,-1,-1,-1,-1,-1,-1,-1,-1,-1,-1,-1
Viceroy New York,-1,-1,-1,-1,-1,-1,-1,-1,-1,38,41,-1,29,-1,-1,-1,-1,-1,42,21,-1,35,-1,30,28,22,21,18,-1,-1,-1,17,16,17,14,21,18,17,18,11,15,19,20,-1,24,19,18,-1,28,20,29,-1,-1,-1,46,30,38,-1,-1,57,49,39,46,41,69,59,72,60,61,62,64,54,54,50,47,27,35,29,58,68,52,59,53,45,38,42,47,-1,41,44,44,44,56,44,43,43,39,33,33,56,60,54,43,30,36,43,42,43,42,35,29,36,45,45,24,38,27,33,32,39,42,41,36,28,19,13,12,15,13,14,23,20,28,42,48,75,100,72,-1,76,76,60,-1,58,48,38,31,21,15,17,21,12,9,21,8,8,0,11,7,16,23,25,31,16,13,15,13,9,8,8,8,8,8,8,2,3,3,11,13,8,6,12,21,10,13,6,2,3,3,4,5,4,3,2,2,4,6,6,7,6,4,2
The Roger,-1,-1,-1,-1,-1,-1,-1,-1,-1,-1,-1,-1,-1,-1,-1,-1,-1,-1,-1,-1,-1,-1,-1,-1,-1,-1,-1,-1,-1,-1,-1,-1,-1,-1,-1,-1,-1,-1,-1,-1,-1,-1,-1,-1,-1,-1,-1,-1,-1,-1,-1,-1,-1,-1,-1,-1,-1,-1,-1,-1,-1,-1,-1,-1,-1,-1,-1,-1,-1,-1,-1,-1,-1,-1,-1,62,-1,-1,-1,-1,-1,-1,-1,-1,-1,-1,-1,-1,-1,-1,-1,-1,-1,91,100,-1,-1,-1,-1,66,-1,-1,-1,-1,-1,-1,53,59,58,48,47,51,56,59,58,52,43,41,42,51,51,-1,44,32,-1,-1,18,22,-1,-1,36,38,25,-1,-1,-1,-1,-1,-1,-1,-1,-1,-1,-1,-1,54,-1,-1,-1,-1,-1,-1,-1,5,0,-1,-1,-1,8,15,21,-1,-1,-1,-1,-1,-1,-1,-1,-1,-1,-1,-1,-1,-1,-1,-1,-1,-1,-1,-1,-1,-1,-1,-1,-1,-1,-1,-1,-1,-1,-1,-1,-1,-1,-1,-1,-1,-1,-1,-1,-1
Shelburne NYC-an Affinia hotel,-1,-1,-1,-1,-1,-1,-1,-1,-1,-1,-1,-1,-1,-1,-1,-1,-1,-1,-1,-1,24,35,49,-1,43,22,16,16,24,-1,-1,31,21,10,15,-1,8,-1,-1,-1,-1,-1,-1,-1,-1,-1,-1,-1,-1,-1,-1,-1,-1,-1,-1,-1,-1,-1,-1,-1,-1,-1,39,-1,89,-1,-1,-1,-1,-1,-1,-1,-1,-1,-1,68,69,-1,-1,-1,-1,-1,-1,-1,83,-1,58,61,52,-1,-1,-1,-1,-1,-1,-1,-1,-1,-1,-1,80,-1,58,59,26,30,27,31,34,30,39,31,39,40,38,34,25,25,16,24,24,25,26,16,12,0,5,10,24,29,32,28,-1,-1,-1,-1,-1,-1,-1,100,-1,-1,-1,-1,-1,-1,55,33,-1,-1,-1,-1,-1,-1,-1,-1,-1,-1,-1,-1,-1,-1,-1,-1,-1,-1,-1,-1,-1,-1,-1,-1,-1,-1,-1,-1,-1,-1,-1,-1,-1,-1,-1,-1,-1,-1,-1,-1,-1,-1,-1,-1,-1,-1,-1,-1,-1,-1,-1,-1,-1,-1
W New York - Downtown,-1,-1,-1,-1,-1,-1,-1,-1,64,65,56,-1,-1,-1,-1,-1,-1,-1,-1,-1,33,50,44,45,30,-1,-1,32,49,-1,-1,52,-1,-1,-1,-1,42,21,34,20,-1,24,39,41,-1,-1,-1,-1,46,-1,53,60,-1,-1,-1,-1,-1,92,91,-1,-1,-1,54,70,82,80,76,71,80,85,97,84,-1,72,-1,59,69,-1,92,91,-1,-1,66,-1,-1,94,93,-1,-1,-1,-1,-1,98,97,-1,-1,46,59,71,78,55,-1,-1,-1,-1,64,-1,71,-1,-1,-1,57,55,-1,55,-1,-1,-1,-1,61,95,59,-1,-1,11,-1,6,-1,14,-1,-1,-1,46,-1,85,96,90,-1,-1,-1,91,100,95,88,-1,-1,-1,46,48,26,25,-1,-1,-1,-1,-1,1,-1,-1,4,22,46,41,31,48,-1,-1,4,-1,-1,5,-1,-1,-1,-1,-1,-1,23,-1,-1,0,9,-1,-1,14,-1,-1,-1,-1,-1,-1,27,-1,-1,-1,-1,-1,26,34,-1,15,12
Hampton Inn New York - LaGuardia Airport,-1,-1,-1,-1,-1,41,-1,-1,-1,-1,-1,45,29,25,41,-1,-1,-1,-1,-1,-1,-1,25,29,-1,-1,-1,-1,-1,-1,29,-1,-1,-1,41,-1,-1,80,96,-1,-1,-1,-1,-1,-1,-1,-1,-1,-1,-1,-1,-1,-1,-1,-1,-1,-1,0,-1,92,-1,-1,-1,-1,-1,-1,-1,-1,-1,-1,-1,61,53,-1,-1,-1,-1,-1,-1,-1,-1,-1,-1,-1,-1,-1,-1,-1,-1,-1,-1,-1,-1,-1,-1,-1,-1,-1,-1,-1,100,-1,-1,-1,-1,-1,-1,-1,-1,-1,-1,-1,-1,-1,-1,-1,5,17,-1,-1,-1,-1,-1,-1,-1,-1,-1,-1,-1,-1,2,-1,-1,-1,-1,-1,-1,-1,-1,-1,-1,-1,-1,-1,-1,-1,-1,-1,-1,-1,-1,-1,-1,-1,-1,-1,-1,-1,-1,-1,-1,-1,0,7,-1,-1,-1,-1,-1,-1,-1,-1,-1,-1,-1,-1,-1,-1,-1,-1,-1,-1,-1,-1,-1,-1,-1,-1,-1,-1,-1,-1,-1,-1,-1,-1,-1,-1,-1,-1,-1,-1
United Nations Apartment Hotel,-1,-1,-1,-1,-1,-1,-1,-1,-1,-1,-1,-1,-1,38,-1,-1,-1,-1,-1,-1,-1,-1,-1,-1,-1,-1,-1,26,-1,-1,-1,-1,-1,-1,-1,-1,-1,-1,-1,21,-1,48,55,62,-1,-1,-1,-1,-1,-1,-1,-1,-1,-1,-1,-1,-1,-1,-1,-1,-1,-1,-1,-1,-1,-1,-1,-1,-1,-1,-1,81,69,79,60,-1,-1,-1,-1,-1,-1,-1,-1,-1,-1,-1,-1,-1,-1,-1,-1,-1,-1,-1,-1,-1,-1,-1,-1,-1,-1,-1,57,83,60,50,-1,67,81,-1,-1,81,67,-1,57,74,83,86,81,57,-1,21,26,55,55,26,57,-1,21,26,55,-1,86,41,58,70,-1,-1,-1,-1,-1,-1,50,59,-1,-1,100,90,-1,90,100,-1,-1,100,90,-1,17,100,-1,-1,-1,-1,-1,-1,-1,-1,-1,-1,-1,-1,-1,-1,-1,-1,-1,-1,-1,-1,-1,-1,-1,-1,-1,-1,-1,-1,-1,-1,-1,-1,-1,-1,-1,-1,0,7,14,12,-1,-1,-1,-1
The Benjamin,-1,-1,-1,-1,-1,-1,-1,-1,-1,-1,-1,38,35,-1,-1,-1,-1,-1,43,26,30,-1,40,77,72,24,16,-1,-1,51,-1,28,-1,-1,-1,32,-1,-1,-1,17,13,15,-1,-1,43,-1,-1,-1,-1,-1,-1,-1,-1,-1,-1,50,-1,-1,-1,-1,-1,-1,-1,-1,-1,-1,-1,-1,-1,-1,-1,-1,-1,-1,-1,-1,38,62,59,-1,81,59,60,48,54,50,52,-1,-1,56,-1,-1,69,-1,100,79,-1,56,60,-1,-1,-1,57,-1,45,48,-1,67,91,53,45,45,55,51,51,43,40,-1,36,-1,50,50,-1,40,17,10,9,9,12,14,-1,-1,-1,-1,-1,-1,-1,-1,-1,-1,-1,-1,-1,-1,-1,-1,51,-1,28,30,39,-1,24,21,18,6,5,15,15,21,23,33,41,28,25,19,14,6,0,-1,-1,-1,-1,-1,-1,-1,-1,-1,-1,-1,-1,-1,-1,-1,-1,-1,-1,-1,-1,-1,-1,-1,-1,-1,-1,-1,-1,-1,-1,-1,-1,-1
SIXTY Lower East Side,-1,-1,-1,-1,-1,-1,-1,-1,-1,-1,-1,-1,-1,-1,-1,-1,-1,-1,-1,-1,-1,-1,-1,-1,-1,-1,-1,-1,26,21,-1,-1,21,17,-1,29,26,-1,-1,27,-1,-1,-1,35,-1,-1,35,33,-1,-1,48,69,-1,-1,65,-1,-1,-1,-1,-1,-1,73,-1,-1,-1,-1,-1,96,100,-1,-1,-1,-1,-1,90,47,-1,71,-1,89,-1,78,60,-1,-1,-1,70,-1,66,57,-1,84,-1,-1,99,95,71,-1,-1,-1,-1,-1,55,52,-1,-1,-1,-1,-1,52,38,-1,-1,-1,-1,-1,37,29,-1,-1,24,-1,-1,26,12,-1,8,0,-1,31,12,17,-1,-1,-1,-1,-1,88,75,-1,-1,-1,-1,-1,71,60,51,-1,-1,-1,-1,34,29,-1,-1,-1,-1,-1,-1,-1,-1,-1,-1,-1,-1,-1,-1,-1,-1,-1,-1,-1,-1,-1,-1,-1,-1,-1,-1,-1,-1,-1,-1,-1,-1,-1,-1,-1,-1,-1,-1,-1,-1,-1,-1,-1,-1,-1,-1,-1,-1,-1
Embassy Suites Newark Airport,-1,-1,-1,-1,-1,-1,-1,-1,-1,-1,-1,-1,-1,-1,-1,-1,-1,-1,-1,-1,-1,-1,20,33,-1,-1,-1,-1,-1,20,-1,-1,-1,-1,-1,-1,20,-1,31,-1,-1,-1,-1,20,-1,-1,-1,-1,-1,-1,20,-1,31,-1,-1,-1,-1,20,33,-1,-1,-1,-1,-1,49,72,100,-1,-1,-1,53,38,-1,-1,-1,-1,-1,-1,33,-1,-1,-1,-1,-1,-1,-1,-1,-1,-1,-1,-1,-1,-1,-1,-1,-1,-1,-1,-1,61,-1,-1,-1,-1,-1,-1,33,-1,-1,-1,-1,-1,-1,61,-1,-1,-1,-1,-1,-1,33,-1,-1,-1,-1,-1,-1,-1,-1,-1,-1,-1,-1,-1,61,-1,-1,-1,-1,-1,-1,61,-1,-1,-1,-1,-1,-1,0,6,-1,-1,17,6,3,33,-1,-1,-1,-1,-1,-1,-1,-1,3,-1,-1,-1,-1,-1,-1,-1,-1,-1,-1,-1,0,-1,-1,4,0,0,-1,-1,-1,-1,-1,-1,-1,-1,-1,-1,-1,-1,-1,-1,-1,-1,-1,-1,-1,-1
ink48 hotel a Kimpton Hotel,-1,-1,-1,-1,-1,-1,-1,-1,-1,-1,33,-1,23,-1,-1,-1,-1,-1,28,10,16,24,-1,-1,-1,24,27,-1,-1,-1,-1,56,10,8,39,14,-1,36,41,-1,5,9,12,14,18,-1,26,22,-1,-1,-1,-1,-1,-1,-1,-1,-1,-1,-1,-1,-1,-1,-1,-1,-1,-1,-1,-1,-1,-1,-1,-1,-1,-1,-1,33,34,67,-1,-1,100,-1,62,-1,-1,-1,-1,-1,-1,38,45,-1,-1,-1,-1,-1,-1,-1,43,-1,-1,-1,-1,-1,-1,43,31,35,-1,42,34,43,-1,44,-1,48,46,-1,-1,-1,-1,-1,-1,-1,-1,-1,-1,-1,-1,-1,-1,16,33,36,34,-1,-1,-1,-1,-1,-1,-1,-1,-1,-1,-1,27,18,1,5,-1,-1,-1,6,-1,1,0,2,-1,-1,-1,16,31,41,32,24,-1,-1,-1,-1,-1,-1,-1,-1,-1,-1,-1,-1,12,-1,-1,-1,-1,-1,-1,12,-1,-1,-1,-1,-1,-1,-1,-1,-1,-1,-1,-1,18,7,-1,-1
DoubleTree Suites by Hilton New York City - Times Square,-1,-1,-1,-1,-1,-1,30,24,-1,-1,-1,34,27,37,-1,-1,-1,42,35,-1,25,30,22,-1,29,22,11,9,16,13,-1,-1,-1,-1,-1,-1,5,-1,-1,-1,-1,-1,3,-1,12,19,18,-1,-1,-1,-1,-1,32,26,20,25,-1,30,38,-1,-1,-1,49,28,33,-1,-1,-1,-1,-1,-1,63,-1,-1,-1,-1,35,40,-1,52,-1,56,45,49,-1,-1,37,-1,-1,33,23,41,-1,-1,41,50,45,45,42,-1,39,-1,43,-1,-1,24,6,16,-1,13,6,7,6,0,17,-1,6,9,5,4,-1,8,-1,11,4,4,15,-1,57,28,-1,19,10,12,-1,46,88,-1,51,73,62,-1,-1,-1,37,31,25,17,-1,10,-1,-1,-1,-1,-1,2,0,9,21,-1,-1,59,-1,-1,-1,-1,100,-1,-1,-1,-1,-1,-1,-1,-1,-1,-1,-1,-1,-1,-1,-1,-1,-1,-1,-1,-1,-1,-1,-1,-1,-1,-1,-1,-1,-1,-1,-1,-1,-1,-1,-1
Hilton Garden Inn New York-Times Square Central,-1,-1,-1,-1,100,66,-1,58,-1,-1,-1,73,56,84,-1,84,-1,60,52,42,37,40,39,34,-1,37,25,37,39,37,41,37,25,27,23,23,28,28,-1,-1,23,26,30,30,42,49,48,42,47,55,52,53,59,55,47,59,77,71,77,91,73,46,49,57,58,76,84,73,98,-1,-1,71,-1,68,62,62,47,54,64,78,74,60,57,70,-1,58,56,-1,56,63,59,73,63,70,75,58,55,48,-1,56,69,59,56,60,57,67,52,63,57,46,39,38,45,31,-1,-1,41,26,46,40,37,40,40,34,32,-1,-1,-1,-1,33,32,31,33,-1,-1,76,86,70,79,-1,69,-1,76,74,68,51,39,-1,-1,32,-1,32,32,28,-1,-1,-1,-1,-1,32,33,37,64,58,55,47,37,6,-1,-1,14,-1,-1,14,-1,-1,-1,16,11,17,24,31,-1,21,-1,6,-1,6,-1,-1,-1,-1,-1,-1,-1,-1,-1,1,1,-1,0,-1
Residence Inn by Marriott New York Manhattan Midtown East,-1,-1,-1,-1,-1,-1,-1,-1,-1,-1,-1,-1,-1,25,-1,-1,38,29,-1,-1,-1,-1,-1,-1,-1,14,12,22,-1,-1,-1,21,12,11,-1,-1,-1,-1,16,10,8,13,18,18,27,28,24,20,31,44,-1,42,47,40,-1,-1,-1,-1,-1,-1,-1,-1,-1,-1,-1,71,72,69,74,77,-1,-1,100,-1,-1,-1,-1,45,31,-1,55,48,-1,-1,-1,-1,-1,-1,-1,37,-1,-1,-1,-1,48,-1,-1,-1,-1,-1,-1,-1,-1,-1,-1,-1,-1,-1,-1,-1,-1,-1,-1,-1,-1,-1,-1,-1,-1,-1,-1,-1,-1,-1,-1,-1,-1,-1,-1,-1,-1,10,-1,-1,-1,-1,-1,52,-1,-1,-1,-1,-1,-1,-1,-1,-1,-1,-1,-1,-1,-1,-1,-1,-1,-1,-1,-1,-1,-1,-1,-1,-1,-1,-1,-1,-1,-1,-1,-1,-1,-1,-1,-1,-1,-1,-1,-1,-1,-1,-1,-1,-1,-1,-1,-1,-1,-1,-1,-1,-1,-1,0,-1,-1,-1,-1,-1,-1,-1,-1,-1
Days Inn Bronx Near Stadium,-1,-1,-1,-1,-1,-1,-1,-1,-1,-1,-1,-1,-1,-1,-1,-1,-1,-1,-1,-1,56,-1,-1,-1,-1,-1,-1,63,42,-1,-1,-1,-1,-1,37,31,-1,-1,-1,-1,-1,22,7,-1,-1,-1,-1,-1,-1,100,-1,-1,-1,-1,-1,50,26,-1,-1,-1,-1,-1,8,-1,-1,-1,-1,-1,-1,-1,56,-1,-1,-1,-1,-1,8,0,-1,-1,-1,-1,-1,-1,-1,-1,-1,-1,-1,-1,-1,-1,-1,-1,-1,-1,-1,-1,-1,-1,-1,-1,-1,-1,-1,-1,-1,-1,-1,-1,-1,-1,40,-1,-1,-1,-1,-1,40,-1,-1,-1,-1,-1,-1,-1,-1,-1,-1,-1,-1,-1,-1,-1,-1,-1,-1,-1,-1,-1,-1,-1,-1,-1,-1,-1,-1,-1,-1,-1,-1,-1,-1,-1,-1,-1,-1,-1,-1,-1,-1,-1,-1,-1,-1,-1,-1,-1,-1,-1,-1,-1,-1,-1,-1,-1,-1,-1,-1,-1,-1,-1,-1,-1,-1,-1,-1,-1,-1,-1,-1,-1,-1,-1,-1,-1,-1,-1,-1,-1,-1,-1
Homewood Suites by Hilton NY Midtown Manhattan Times Square,-1,-1,-1,-1,-1,47,56,52,65,-1,-1,-1,51,-1,-1,-1,-1,71,52,42,48,48,48,58,47,40,40,48,53,56,48,-1,-1,-1,35,31,-1,-1,47,-1,20,35,45,46,-1,-1,-1,46,52,76,69,69,88,75,48,62,78,81,93,-1,81,60,58,68,87,85,-1,97,-1,-1,-1,-1,-1,-1,90,58,73,85,96,97,95,-1,81,92,-1,-1,89,77,71,69,73,-1,71,81,-1,77,69,75,52,50,68,85,72,77,79,-1,73,76,72,26,23,56,81,41,45,47,35,46,32,35,38,75,59,-1,-1,-1,23,31,15,53,53,58,-1,-1,72,-1,-1,-1,100,-1,-1,-1,-1,-1,81,-1,-1,-1,-1,34,-1,36,44,36,40,16,7,28,36,48,53,52,82,58,60,43,28,20,0,4,-1,-1,3,-1,-1,2,0,5,18,-1,49,60,68,-1,-1,15,2,5,-1,-1,-1,-1,-1,3,2,3,5,-1,3,-1,2,-1
Hampton Inn Manhattan Times Square Central,-1,-1,-1,-1,-1,-1,29,-1,26,-1,-1,-1,34,-1,-1,-1,48,-1,25,-1,17,19,19,28,31,27,13,25,31,25,24,22,27,-1,-1,49,-1,27,-1,20,9,7,-1,15,-1,-1,-1,-1,-1,-1,-1,51,69,-1,-1,25,-1,49,-1,-1,-1,-1,-1,-1,-1,41,-1,51,49,74,87,87,100,82,47,32,30,47,46,50,-1,-1,34,-1,36,25,44,41,38,21,18,29,18,30,-1,27,23,20,26,18,25,42,40,38,45,40,-1,-1,27,23,21,21,21,16,27,39,21,20,-1,-1,17,-1,22,21,20,13,8,8,9,27,33,20,29,21,27,38,54,43,54,41,42,43,43,43,39,41,23,20,15,10,23,16,12,11,4,0,5,8,15,18,41,19,33,35,24,15,17,9,-1,-1,-1,-1,-1,-1,-1,-1,10,-1,-1,14,-1,-1,-1,-1,-1,-1,-1,7,-1,5,10,-1,6,-1,-1,-1,5,-1,-1,9,-1,-1
The Standard East Village,-1,-1,-1,-1,-1,-1,-1,-1,-1,-1,35,20,-1,-1,-1,-1,29,-1,12,13,-1,-1,-1,-1,24,60,18,-1,-1,-1,-1,30,11,-1,-1,22,22,-1,-1,-1,21,25,20,23,18,-1,24,12,20,36,31,-1,-1,-1,41,-1,-1,47,-1,-1,-1,49,-1,-1,43,48,46,45,90,50,56,100,51,48,43,-1,-1,-1,-1,-1,45,41,42,-1,37,31,-1,59,41,-1,45,-1,-1,55,47,41,36,36,38,-1,52,34,31,27,32,-1,31,-1,39,35,30,33,24,-1,-1,-1,35,23,21,19,-1,26,25,28,13,8,-1,-1,0,2,4,-1,-1,-1,30,36,-1,45,-1,22,24,-1,-1,-1,24,23,19,13,-1,-1,-1,8,3,0,-1,-1,-1,-1,-1,-1,-1,-1,-1,13,17,10,7,3,2,-1,-1,-1,-1,-1,-1,-1,5,-1,-1,-1,-1,-1,-1,-1,-1,-1,-1,-1,-1,-1,-1,-1,-1,-1,-1,-1,-1,-1,-1,-1,-1,-1
Wyndham Garden - Manhattan Chelsea West,-1,-1,-1,-1,-1,-1,-1,-1,-1,-1,-1,-1,30,-1,-1,-1,-1,-1,-1,-1,-1,-1,-1,-1,-1,-1,-1,-1,-1,-1,-1,-1,-1,-1,-1,-1,-1,-1,-1,-1,-1,-1,-1,-1,-1,-1,32,-1,-1,-1,-1,-1,-1,-1,-1,50,-1,83,-1,-1,-1,-1,-1,48,-1,-1,74,-1,62,82,100,98,63,79,-1,-1,44,50,60,-1,-1,-1,-1,-1,58,48,-1,-1,-1,-1,-1,47,52,-1,65,-1,-1,-1,50,44,-1,-1,34,37,-1,-1,46,-1,-1,25,28,23,23,-1,24,27,19,17,19,28,17,20,29,15,11,8,8,8,12,-1,-1,20,-1,32,41,34,44,44,43,38,34,-1,42,39,40,-1,16,24,-1,-1,-1,-1,11,9,7,-1,-1,-1,-1,-1,-1,-1,-1,29,26,-1,14,-1,0,-1,-1,-1,-1,-1,-1,-1,-1,-1,-1,-1,-1,-1,-1,-1,-1,-1,-1,-1,-1,-1,-1,-1,-1,-1,-1,-1,-1,-1,-1,-1,-1,-1
Four Seasons Hotel New York,-1,-1,-1,-1,4,-1,-1,-1,-1,-1,8,2,-1,21,26,27,26,11,10,17,15,2,-1,-1,8,2,-1,-1,-1,-1,-1,8,2,-1,-1,-1,-1,-1,-1,8,0,-1,-1,-1,50,47,69,76,69,73,67,77,77,76,69,73,82,73,98,82,82,65,-1,-1,-1,-1,-1,-1,-1,-1,-1,-1,-1,-1,-1,70,54,76,70,89,-1,77,70,63,74,63,61,58,54,51,47,71,63,78,78,70,70,52,61,63,77,74,58,51,51,54,58,65,65,61,58,65,65,58,68,82,77,77,65,-1,-1,54,51,-1,-1,51,47,54,42,39,44,47,47,63,70,74,95,100,72,95,78,78,98,89,76,33,29,-1,12,17,23,3,3,3,9,15,19,15,9,26,24,46,44,34,29,25,13,-1,-1,-1,-1,-1,-1,-1,-1,-1,-1,-1,2,-1,-1,-1,-1,-1,-1,-1,-1,-1,-1,-1,-1,-1,-1,-1,-1,-1,-1,-1,-1,-1,-1,-1
Hampton Inn JFK Airport,-1,75,80,-1,-1,-1,66,53,-1,87,-1,-1,-1,-1,-1,-1,42,45,-1,-1,-1,-1,-1,-1,-1,-1,-1,-1,-1,-1,-1,-1,-1,-1,16,14,31,31,16,-1,-1,16,-1,77,67,80,98,70,98,64,39,39,-1,-1,61,45,53,-1,66,-1,-1,-1,-1,66,-1,78,66,-1,100,70,-1,-1,-1,-1,-1,-1,-1,-1,-1,-1,-1,-1,-1,-1,-1,-1,-1,-1,-1,-1,-1,47,-1,-1,51,-1,37,-1,-1,-1,37,34,17,0,-1,-1,-1,-1,-1,34,34,28,28,-1,-1,-1,-1,-1,-1,-1,-1,-1,-1,-1,-1,-1,-1,-1,-1,-1,-1,-1,-1,-1,-1,23,-1,-1,-1,-1,-1,-1,-1,-1,-1,-1,-1,-1,-1,-1,-1,19,-1,-1,17,-1,11,11,-1,10,11,14,-1,20,-1,15,-1,-1,-1,-1,-1,-1,-1,-1,17,-1,-1,-1,-1,-1,-1,-1,-1,-1,-1,-1,-1,-1,-1,-1,-1,-1,-1,-1,-1,-1,-1,-1,-1,-1,-1,-1
Howard Johnson Flushing,-1,-1,-1,-1,-1,-1,-1,-1,-1,-1,-1,-1,-1,-1,-1,-1,-1,-1,-1,-1,-1,-1,-1,-1,-1,-1,-1,-1,-1,-1,-1,-1,-1,-1,-1,-1,-1,-1,-1,-1,-1,-1,-1,-1,-1,-1,-1,-1,-1,-1,-1,-1,-1,-1,-1,-1,-1,-1,-1,-1,-1,-1,-1,-1,-1,-1,-1,-1,-1,-1,-1,-1,-1,100,-1,-1,-1,-1,-1,-1,-1,-1,-1,-1,-1,-1,-1,-1,-1,-1,-1,-1,52,52,55,-1,-1,-1,42,-1,-1,-1,52,47,30,24,-1,-1,-1,-1,-1,25,22,-1,-1,-1,-1,-1,25,22,-1,-1,-1,-1,-1,-1,22,-1,-1,-1,-1,-1,27,20,-1,-1,-1,-1,-1,8,2,-1,-1,-1,-1,-1,3,0,-1,-1,-1,-1,-1,16,19,-1,-1,-1,-1,-1,59,61,-1,-1,-1,-1,-1,-1,-1,-1,-1,-1,-1,-1,-1,-1,-1,-1,-1,-1,-1,-1,-1,-1,-1,-1,-1,-1,-1,-1,-1,-1,-1,-1,-1,-1,-1,-1,-1,-1,-1,-1
New York Marriott at the Brooklyn Bridge,-1,-1,-1,-1,-1,28,-1,-1,-1,39,-1,-1,31,-1,-1,-1,-1,-1,38,30,-1,-1,-1,32,30,25,21,-1,-1,-1,-1,-1,31,-1,-1,-1,-1,-1,-1,24,28,-1,-1,-1,-1,42,-1,-1,37,-1,-1,45,53,46,42,56,66,-1,74,81,68,60,84,-1,-1,-1,-1,88,88,91,-1,-1,-1,-1,-1,83,82,-1,-1,-1,-1,-1,74,-1,-1,-1,95,100,91,81,93,-1,-1,-1,-1,-1,65,65,-1,-1,55,51,46,36,38,40,-1,-1,-1,31,28,35,-1,-1,-1,-1,20,20,-1,-1,-1,-1,28,18,15,14,-1,-1,-1,-1,-1,39,-1,-1,-1,57,45,40,36,44,-1,-1,32,28,25,17,-1,-1,-1,-1,14,-1,8,12,-1,-1,-1,10,4,18,21,31,-1,-1,-1,30,10,0,-1,-1,-1,-1,0,0,4,-1,-1,12,9,4,2,5,-1,-1,9,6,3,3,5,-1,-1,10,6,3,4,9,-1,-1,-1,-1,-1,-1
Hampton Inn Manhattan Soho,-1,-1,-1,-1,-1,48,54,-1,51,56,47,50,38,42,55,55,60,-1,52,-1,44,-1,55,-1,41,33,35,-1,-1,-1,-1,52,32,28,-1,39,36,56,33,29,23,24,23,23,28,30,21,-1,31,31,36,64,57,51,48,-1,-1,-1,64,74,67,67,50,-1,53,-1,-1,58,100,-1,-1,72,70,65,55,46,-1,-1,-1,-1,-1,62,55,53,61,68,-1,66,64,47,42,64,63,69,59,43,41,45,48,52,59,42,37,34,40,54,42,49,-1,-1,32,29,36,36,38,38,28,22,32,-1,-1,-1,48,35,-1,9,13,13,-1,-1,28,26,30,39,45,52,-1,58,50,61,62,-1,-1,63,45,-1,27,-1,-1,-1,-1,-1,-1,-1,9,-1,12,9,-1,21,-1,-1,38,36,33,27,-1,7,-1,-1,-1,-1,-1,0,5,4,-1,-1,-1,-1,-1,16,16,-1,-1,12,-1,-1,-1,-1,-1,5,-1,4,-1,-1,-1,-1,-1,-1,-1,7
Radisson Martinique on Broadway,-1,-1,-1,-1,-1,-1,-1,-1,-1,-1,-1,-1,-1,-1,-1,-1,-1,-1,-1,-1,-1,-1,-1,-1,-1,-1,-1,-1,-1,-1,-1,-1,-1,-1,-1,-1,-1,-1,-1,-1,-1,-1,-1,-1,-1,-1,-1,-1,-1,31,33,35,43,37,37,42,49,-1,62,-1,-1,-1,-1,-1,-1,86,-1,-1,90,100,82,-1,-1,-1,-1,-1,40,46,-1,54,60,53,47,53,53,45,47,53,-1,38,-1,-1,45,-1,-1,49,49,52,59,60,49,51,42,39,41,42,-1,-1,-1,-1,-1,-1,-1,-1,-1,-1,22,17,7,8,-1,-1,-1,-1,-1,-1,0,-1,-1,-1,21,-1,24,33,47,-1,-1,-1,-1,-1,-1,-1,-1,-1,-1,-1,-1,-1,-1,-1,-1,-1,-1,-1,-1,-1,-1,-1,-1,-1,-1,-1,-1,-1,-1,-1,-1,-1,-1,-1,-1,-1,-1,-1,-1,-1,-1,-1,-1,-1,-1,-1,-1,-1,-1,-1,-1,-1,-1,-1,-1,-1,-1,-1,-1,-1,-1,-1,-1,-1,-1,-1
Roxy Hotel Tribeca (formerly the Tribeca Grand Hotel),-1,-1,-1,-1,-1,-1,-1,-1,-1,-1,-1,-1,-1,-1,-1,-1,-1,-1,-1,-1,-1,-1,23,-1,-1,-1,-1,-1,-1,-1,-1,-1,-1,-1,-1,-1,21,-1,24,-1,-1,-1,22,-1,-1,39,-1,26,-1,42,43,58,-1,-1,-1,-1,-1,82,-1,-1,-1,74,-1,-1,69,-1,-1,-1,-1,100,-1,-1,-1,-1,-1,-1,23,42,-1,61,-1,-1,-1,-1,-1,58,-1,-1,-1,-1,-1,-1,-1,-1,-1,-1,-1,-1,-1,-1,-1,-1,-1,50,40,42,53,-1,-1,-1,-1,46,49,-1,-1,-1,23,17,44,33,26,-1,38,28,16,6,-1,0,-1,-1,12,-1,32,31,44,57,68,63,66,-1,-1,-1,-1,-1,-1,49,41,-1,-1,-1,-1,-1,-1,-1,-1,-1,-1,-1,-1,-1,17,22,-1,60,33,40,-1,-1,-1,-1,-1,-1,-1,-1,-1,-1,-1,-1,-1,-1,-1,-1,-1,-1,-1,-1,-1,-1,-1,-1,-1,-1,-1,11,19,16,-1,-1,-1,-1,-1,-1
Howard Johnson Bronx Near Stadium,-1,-1,-1,-1,-1,-1,25,16,-1,-1,-1,-1,-1,38,35,-1,-1,-1,-1,-1,36,25,-1,-1,-1,-1,-1,38,35,-1,-1,-1,-1,-1,49,40,-1,-1,-1,-1,-1,15,0,-1,-1,-1,-1,-1,27,6,-1,-1,40,44,41,45,-1,-1,-1,-1,-1,-1,-1,-1,-1,-1,-1,-1,-1,38,-1,-1,-1,-1,-1,-1,71,65,-1,-1,-1,-1,-1,-1,-1,-1,-1,-1,-1,13,13,16,-1,-1,-1,-1,-1,21,8,-1,-1,-1,-1,-1,-1,17,-1,-1,-1,-1,-1,15,8,-1,-1,-1,-1,-1,21,8,-1,-1,-1,-1,-1,40,31,-1,-1,-1,-1,-1,70,70,-1,-1,-1,-1,-1,100,-1,-1,-1,-1,-1,-1,-1,-1,-1,-1,-1,-1,-1,-1,-1,-1,-1,-1,-1,-1,-1,-1,-1,-1,-1,-1,-1,-1,-1,-1,-1,-1,-1,-1,-1,-1,-1,-1,-1,64,64,-1,-1,-1,-1,-1,-1,-1,-1,-1,-1,-1,-1,-1,-1,-1,-1,-1,-1,-1,-1,-1
Holiday Inn New York JFK Airport Area,-1,-1,-1,-1,-1,100,100,100,100,100,100,100,-1,-1,-1,-1,-1,1,0,-1,-1,13,-1,-1,44,-1,-1,28,-1,-1,-1,-1,-1,-1,-1,-1,-1,-1,36,61,63,67,65,54,-1,-1,-1,-1,-1,-1,-1,-1,-1,-1,60,-1,-1,33,39,81,-1,81,-1,55,-1,-1,-1,-1,-1,-1,-1,41,45,-1,-1,56,58,53,42,59,-1,-1,-1,-1,-1,34,43,-1,43,31,26,30,25,29,-1,-1,37,-1,-1,26,26,28,22,21,-1,-1,-1,20,-1,-1,-1,-1,-1,-1,-1,-1,-1,-1,-1,-1,18,-1,-1,-1,15,-1,-1,11,-1,9,21,14,15,16,-1,-1,-1,-1,19,19,19,18,13,-1,18,28,-1,-1,-1,25,26,21,21,19,-1,-1,11,12,12,18,21,23,36,-1,-1,-1,-1,-1,-1,-1,-1,-1,-1,-1,-1,-1,-1,-1,-1,-1,-1,-1,-1,-1,-1,-1,-1,-1,-1,-1,-1,-1,-1,-1,-1,-1,-1,-1,-1,-1,-1,-1
Jet Luxury at the Trump SoHo,-1,-1,-1,-1,-1,-1,-1,-1,-1,-1,-1,-1,-1,-1,-1,-1,-1,-1,-1,-1,-1,-1,-1,-1,-1,-1,-1,-1,-1,-1,-1,-1,-1,65,-1,-1,-1,-1,-1,-1,-1,12,11,13,13,-1,-1,-1,-1,-1,-1,-1,-1,-1,43,41,100,-1,-1,-1,-1,-1,-1,-1,-1,-1,-1,-1,-1,-1,-1,58,54,51,-1,48,-1,-1,-1,-1,-1,-1,-1,-1,-1,-1,85,-1,-1,-1,-1,-1,-1,-1,-1,-1,-1,-1,-1,-1,-1,-1,-1,-1,-1,49,-1,-1,-1,-1,-1,-1,-1,-1,-1,-1,-1,-1,-1,-1,-1,-1,-1,-1,-1,-1,-1,-1,-1,-1,-1,-1,-1,-1,-1,-1,-1,-1,-1,-1,-1,-1,-1,-1,-1,-1,-1,-1,-1,-1,-1,-1,-1,-1,-1,-1,-1,-1,-1,-1,-1,-1,-1,-1,22,20,-1,-1,-1,-1,-1,-1,-1,-1,-1,-1,-1,0,1,-1,-1,-1,-1,-1,-1,-1,-1,-1,-1,-1,-1,-1,-1,-1,-1,-1,-1,-1,-1,-1,-1,-1
Hyatt Times Square New York,-1,-1,-1,33,-1,-1,-1,24,-1,-1,-1,14,-1,-1,-1,-1,-1,-1,-1,-1,-1,-1,17,-1,-1,11,12,12,19,-1,-1,-1,11,10,10,10,11,-1,-1,9,9,10,18,-1,-1,-1,-1,14,-1,26,26,-1,-1,26,26,26,30,30,-1,-1,-1,27,25,32,39,-1,62,-1,-1,-1,-1,-1,-1,-1,30,28,35,31,35,-1,46,-1,30,-1,65,35,-1,43,30,34,35,36,35,29,50,-1,23,26,26,35,-1,-1,-1,31,30,28,-1,-1,22,17,9,23,26,-1,-1,-1,22,21,22,-1,-1,-1,-1,-1,11,10,0,4,2,6,8,10,10,-1,41,-1,62,48,-1,44,-1,-1,-1,-1,37,35,29,17,-1,23,-1,8,7,-1,15,-1,-1,-1,-1,-1,-1,-1,59,100,-1,26,-1,-1,-1,-1,1,-1,-1,4,6,-1,-1,17,22,-1,-1,-1,-1,-1,-1,12,-1,3,-1,-1,1,-1,-1,-1,-1,6,-1,-1,-1,-1,-1,7
Sheraton New York Times Square Hotel,-1,-1,-1,-1,-1,46,-1,54,49,56,45,38,51,59,-1,65,65,60,41,37,31,31,38,46,47,-1,39,36,40,42,42,36,28,20,25,28,26,27,28,24,24,25,37,37,43,53,39,31,40,67,66,71,77,63,47,50,67,70,73,81,65,55,33,52,39,63,-1,-1,-1,-1,-1,100,-1,79,-1,33,36,58,60,76,74,73,62,55,51,45,49,54,51,53,-1,-1,59,59,59,52,43,-1,67,36,52,58,39,51,46,46,51,32,42,32,38,26,-1,32,37,37,31,-1,32,43,44,54,-1,-1,30,-1,20,22,30,29,-1,-1,53,54,66,77,86,73,90,62,97,72,98,74,69,54,42,-1,20,22,35,36,20,-1,23,18,8,20,32,44,14,13,-1,28,29,29,24,21,17,-1,-1,-1,-1,-1,-1,-1,-1,-1,16,31,40,41,24,-1,-1,-1,-1,-1,0,-1,-1,-1,-1,15,-1,-1,-1,-1,-1,-1,-1,-1
Hampton Inn Manhattan-Seaport-Financial District,-1,-1,-1,-1,-1,-1,-1,-1,50,49,-1,-1,-1,-1,-1,-1,-1,65,-1,42,-1,41,64,63,51,-1,27,30,38,-1,-1,49,29,35,35,41,-1,-1,30,29,8,22,35,-1,-1,41,-1,43,-1,-1,56,-1,-1,64,71,78,-1,-1,-1,-1,-1,63,63,-1,68,-1,100,88,-1,82,80,79,84,79,71,52,72,73,-1,-1,-1,-1,51,-1,-1,77,-1,84,68,76,-1,-1,88,-1,-1,-1,-1,51,59,-1,-1,-1,56,49,53,75,-1,47,45,38,46,37,40,35,-1,38,33,34,35,40,-1,43,46,31,21,13,19,10,12,18,32,33,23,42,-1,-1,-1,-1,55,61,64,-1,-1,64,49,-1,38,30,-1,-1,-1,-1,-1,8,7,0,2,13,12,14,-1,25,39,40,-1,25,-1,8,11,-1,-1,-1,-1,-1,7,7,-1,-1,-1,-1,-1,12,15,15,-1,-1,-1,-1,10,8,-1,-1,-1,-1,-1,7,9,-1,-1,-1,-1,-1
Hampton Inn New York - 35th Street - Empire State Building,-1,-1,-1,-1,-1,-1,-1,-1,-1,-1,-1,39,-1,45,-1,-1,-1,-1,35,20,28,28,29,29,32,26,24,29,31,28,-1,37,31,21,23,19,21,25,-1,19,17,20,26,25,30,43,31,25,32,33,28,34,-1,34,25,37,40,46,51,57,53,-1,42,45,44,52,51,56,70,-1,100,69,94,77,46,46,-1,46,43,52,60,55,43,39,48,38,43,46,40,39,31,37,40,49,50,45,-1,38,39,36,40,45,42,-1,32,35,37,32,31,24,21,24,28,28,29,30,21,16,18,25,19,-1,21,17,13,7,12,8,12,16,22,18,17,30,38,45,50,-1,50,49,-1,-1,-1,47,38,30,22,25,3,9,16,12,-1,8,6,-1,-1,8,9,14,-1,-1,23,28,28,15,15,-1,-1,0,1,-1,-1,-1,-1,-1,-1,-1,-1,-1,6,-1,9,5,-1,-1,-1,-1,-1,-1,-1,-1,-1,-1,-1,-1,-1,-1,-1,-1,-1,-1
Wyndham New Yorker,-1,-1,-1,-1,-1,-1,-1,-1,-1,71,63,39,34,47,-1,-1,73,63,40,6,17,36,-1,-1,-1,-1,-1,-1,-1,-1,-1,-1,-1,-1,-1,-1,-1,-1,-1,-1,-1,-1,-1,-1,-1,27,-1,-1,60,31,-1,-1,-1,-1,-1,-1,-1,-1,-1,-1,-1,-1,-1,62,-1,-1,-1,-1,-1,100,-1,-1,-1,-1,-1,-1,-1,67,69,-1,-1,-1,81,-1,55,-1,-1,-1,-1,-1,76,-1,66,-1,-1,-1,-1,-1,-1,-1,-1,-1,23,11,18,-1,-1,-1,-1,-1,-1,-1,26,-1,-1,30,-1,-1,-1,-1,-1,-1,13,-1,-1,-1,-1,-1,-1,-1,-1,-1,7,24,-1,-1,-1,-1,-1,-1,-1,-1,66,76,-1,-1,-1,-1,-1,-1,-1,-1,-1,-1,-1,-1,-1,-1,-1,-1,-1,-1,18,-1,-1,-1,0,-1,-1,-1,-1,-1,-1,-1,-1,-1,-1,-1,-1,-1,-1,-1,-1,-1,-1,-1,-1,-1,-1,-1,-1,-1,-1,-1,-1,-1,-1,-1,-1,-1,-1,-1
Renaissance Newark Airport Hotel,60,-1,-1,45,31,31,45,60,-1,-1,45,31,-1,45,68,-1,-1,73,80,100,98,91,-1,-1,75,80,-1,-1,-1,-1,-1,-1,80,-1,48,61,-1,-1,48,32,32,45,57,-1,-1,40,32,-1,32,41,34,-1,38,29,31,40,51,-1,-1,-1,41,35,43,60,-1,71,65,58,75,72,78,-1,-1,-1,32,32,48,63,-1,-1,69,54,-1,-1,-1,-1,-1,60,41,40,61,80,-1,-1,-1,-1,43,63,80,-1,-1,54,34,34,48,61,-1,-1,-1,34,37,54,71,-1,80,52,15,16,46,75,-1,58,41,22,98,-1,-1,-1,-1,-1,-1,17,41,60,-1,40,24,8,11,-1,-1,-1,37,20,4,4,21,36,-1,34,17,0,-1,-1,-1,-1,-1,-1,-1,-1,-1,-1,-1,-1,-1,-1,40,9,19,-1,17,7,0,4,-1,-1,-1,28,13,3,4,-1,-1,-1,28,13,4,7,-1,-1,-1,36,24,12,12,-1,-1,-1,34,20,8,9
Hilton Garden Inn New York Manhattan-Midtown East,-1,-1,-1,-1,41,-1,43,-1,-1,38,37,24,24,36,-1,-1,34,36,20,21,26,26,-1,-1,23,17,15,17,19,25,-1,19,14,11,15,16,13,-1,25,10,8,15,16,13,17,-1,-1,20,-1,-1,45,41,-1,35,-1,-1,37,33,-1,44,40,40,35,34,41,-1,53,55,57,61,100,-1,51,46,32,-1,34,37,-1,53,-1,47,37,-1,-1,36,-1,53,41,36,38,-1,37,52,41,31,35,35,37,32,36,-1,32,30,37,-1,28,-1,-1,27,-1,-1,26,27,-1,-1,19,22,26,28,28,32,26,19,13,10,15,16,11,10,-1,-1,23,30,39,-1,-1,-1,41,-1,49,47,58,-1,-1,-1,-1,-1,-1,-1,-1,-1,16,17,-1,1,1,6,13,15,19,25,30,30,27,17,12,3,0,-1,-1,-1,-1,2,4,4,4,3,-1,-1,7,-1,-1,11,-1,-1,-1,4,-1,-1,2,-1,-1,-1,2,-1,-1,-1,-1,-1,-1,3
Hilton Newark Airport,-1,-1,-1,-1,42,42,47,-1,83,-1,-1,42,-1,36,-1,-1,-1,36,19,14,36,-1,-1,-1,36,19,19,47,-1,-1,-1,22,1,42,47,-1,-1,-1,-1,19,19,44,58,-1,-1,-1,42,58,36,42,42,67,28,8,14,39,64,92,83,44,31,44,58,-1,100,-1,-1,-1,-1,-1,-1,-1,-1,86,61,-1,-1,-1,-1,-1,-1,-1,-1,-1,-1,-1,83,39,28,86,-1,-1,-1,83,50,33,33,50,-1,-1,81,50,33,31,44,58,-1,-1,61,31,-1,-1,58,-1,72,44,31,33,50,58,67,64,33,11,22,-1,-1,33,6,11,0,14,14,39,47,-1,72,8,14,17,56,-1,-1,33,3,8,39,56,-1,-1,17,3,-1,-1,-1,-1,-1,-1,-1,-1,6,-1,19,14,-1,-1,-1,-1,19,-1,-1,14,8,-1,14,19,-1,-1,14,8,-1,14,19,-1,-1,-1,-1,-1,-1,19,-1,-1,-1,-1,-1,14,19,-1,-1,14,8,-1
SpringHill Suites by Marriott Newark Liberty International,-1,-1,-1,-1,-1,-1,-1,20,-1,-1,-1,-1,-1,-1,-1,-1,-1,64,64,-1,-1,-1,-1,-1,-1,-1,-1,-1,-1,-1,-1,-1,-1,-1,-1,-1,-1,-1,-1,-1,-1,-1,-1,-1,30,35,38,37,41,46,-1,-1,53,-1,-1,37,49,-1,-1,-1,-1,-1,-1,-1,50,77,70,60,86,55,56,43,-1,59,-1,-1,54,56,-1,100,-1,92,79,91,99,-1,-1,-1,-1,42,-1,-1,-1,51,30,24,24,27,24,-1,-1,28,54,-1,21,25,47,-1,29,44,52,37,-1,31,29,46,-1,17,37,37,-1,-1,47,19,-1,12,8,3,-1,-1,-1,34,39,-1,-1,45,-1,26,-1,-1,-1,9,-1,-1,-1,-1,-1,-1,-1,-1,10,-1,5,-1,-1,-1,-1,4,-1,-1,0,13,-1,15,28,48,16,13,20,11,-1,-1,-1,-1,-1,-1,-1,-1,-1,-1,-1,-1,-1,-1,-1,-1,-1,-1,-1,-1,-1,-1,-1,-1,-1,-1,-1,-1,-1,-1,-1,-1
Hilton Garden Inn New York Long Island City,-1,-1,-1,-1,-1,-1,34,-1,-1,-1,-1,-1,-1,-1,-1,-1,-1,-1,-1,-1,-1,-1,-1,-1,-1,31,-1,37,41,-1,-1,-1,14,16,-1,-1,-1,-1,-1,17,14,27,23,27,30,-1,-1,-1,56,50,-1,-1,-1,-1,45,-1,-1,-1,-1,-1,100,-1,91,82,83,99,-1,92,92,92,79,-1,-1,72,60,39,40,40,-1,-1,-1,-1,56,-1,-1,67,-1,-1,93,47,80,81,71,68,-1,76,48,66,54,35,-1,-1,-1,-1,-1,-1,-1,-1,-1,-1,-1,-1,-1,-1,-1,29,22,-1,19,14,-1,11,-1,42,-1,7,7,21,-1,38,7,-1,18,32,42,46,45,-1,-1,-1,-1,-1,-1,-1,-1,-1,-1,-1,7,-1,-1,-1,-1,-1,-1,-1,-1,-1,20,30,53,-1,-1,-1,-1,-1,-1,-1,7,1,-1,-1,-1,-1,-1,-1,5,-1,-1,-1,-1,7,-1,-1,-1,-1,-1,-1,5,-1,7,-1,-1,-1,0,-1,-1,-1,-1,-1,-1,-1
Andaz 5th Avenue - a concept by Hyatt,-1,-1,-1,-1,-1,-1,42,46,50,48,42,-1,-1,-1,49,50,50,45,-1,39,-1,49,36,35,32,25,12,30,-1,24,25,-1,39,-1,20,30,24,25,-1,-1,25,-1,24,29,35,38,34,38,52,-1,82,59,86,75,52,45,75,-1,75,74,62,43,37,-1,-1,96,-1,-1,90,89,100,88,80,-1,57,45,44,62,80,-1,-1,62,55,65,82,77,78,75,55,58,46,-1,-1,-1,-1,53,41,37,48,-1,-1,-1,43,43,34,41,-1,-1,-1,40,38,39,59,-1,-1,-1,38,33,32,41,52,-1,-1,-1,-1,14,13,7,19,24,19,40,41,45,59,-1,67,62,68,72,69,-1,-1,-1,-1,-1,36,33,-1,-1,-1,-1,22,15,18,8,-1,5,8,11,15,25,57,50,46,40,11,7,0,3,-1,-1,-1,4,-1,29,20,29,17,9,4,10,-1,17,16,15,8,7,-1,-1,-1,19,13,3,7,-1,-1,-1,-1,-1,8,21
Hampton Inn Manhattan Downtown-Financial District,-1,-1,-1,-1,-1,-1,-1,-1,-1,71,-1,45,39,41,52,-1,67,72,50,35,-1,-1,49,42,49,38,27,-1,-1,39,-1,43,41,30,42,52,26,39,35,26,23,23,31,37,-1,-1,-1,-1,-1,50,55,52,66,56,-1,88,94,-1,-1,79,65,59,56,67,72,87,-1,99,-1,-1,-1,79,-1,-1,-1,65,69,-1,-1,-1,99,88,83,-1,-1,58,-1,91,68,49,65,74,-1,100,82,65,43,57,62,63,-1,-1,-1,49,52,61,-1,55,50,42,41,42,53,53,63,50,38,30,33,39,48,48,43,52,-1,18,17,14,-1,-1,-1,-1,-1,49,-1,-1,84,89,-1,-1,96,67,80,84,55,-1,-1,-1,-1,-1,-1,22,-1,-1,5,-1,5,-1,11,-1,-1,-1,-1,-1,-1,-1,-1,-1,-1,-1,5,3,2,-1,3,29,-1,28,21,2,2,-1,-1,8,10,4,3,0,4,-1,-1,-1,11,6,2,7,15,-1,22,19,12,10
Baccarat Hotel and Residences New York,-1,-1,-1,-1,-1,7,7,-1,-1,-1,-1,-1,14,14,5,4,-1,-1,-1,-1,-1,-1,-1,-1,-1,-1,-1,-1,-1,-1,-1,-1,-1,-1,-1,-1,-1,-1,-1,-1,-1,-1,-1,2,5,-1,40,-1,-1,42,59,-1,-1,-1,55,-1,-1,-1,-1,-1,-1,-1,-1,-1,74,-1,100,-1,-1,-1,-1,-1,-1,-1,-1,-1,-1,-1,-1,-1,-1,-1,-1,-1,-1,-1,-1,36,-1,-1,-1,-1,-1,-1,-1,-1,-1,-1,-1,-1,-1,-1,-1,-1,-1,-1,-1,-1,-1,-1,-1,-1,-1,-1,-1,-1,-1,20,20,16,-1,-1,-1,17,-1,-1,16,18,-1,16,-1,16,29,-1,-1,-1,-1,53,-1,-1,39,-1,-1,-1,35,30,-1,-1,-1,16,-1,-1,-1,-1,-1,-1,8,-1,8,10,12,18,-1,28,-1,-1,-1,-1,-1,-1,-1,-1,-1,0,2,-1,-1,-1,-1,-1,-1,-1,-1,-1,-1,-1,-1,-1,-1,-1,-1,-1,-1,-1,-1,-1,-1,-1,-1,-1,-1,-1
Hampton Inn Times Square North,-1,-1,-1,-1,-1,-1,-1,-1,45,-1,-1,46,-1,59,57,49,64,-1,35,34,-1,-1,35,38,33,23,-1,-1,33,28,-1,-1,-1,-1,-1,-1,26,-1,-1,-1,18,15,20,21,-1,-1,40,29,43,-1,36,44,95,84,49,48,-1,68,79,-1,59,-1,48,-1,49,63,70,78,90,99,100,75,83,70,55,33,40,40,53,-1,-1,-1,46,49,60,57,-1,-1,50,25,-1,45,58,-1,-1,50,47,51,-1,-1,-1,-1,-1,-1,-1,-1,-1,-1,-1,-1,-1,27,26,-1,-1,-1,-1,-1,-1,-1,-1,-1,-1,-1,11,-1,14,-1,-1,-1,-1,12,-1,-1,-1,-1,-1,-1,-1,-1,-1,-1,-1,59,-1,-1,-1,-1,-1,-1,-1,-1,28,-1,-1,-1,-1,-1,-1,-1,-1,21,45,36,36,-1,25,0,-1,-1,-1,-1,-1,-1,-1,-1,-1,-1,8,-1,-1,-1,-1,9,-1,-1,-1,-1,-1,-1,-1,-1,-1,-1,-1,-1,-1,-1,-1,-1,-1,-1
Sheraton LaGuardia East Hotel,-1,-1,-1,-1,-1,-1,-1,-1,-1,-1,-1,-1,-1,-1,-1,-1,-1,-1,-1,-1,-1,-1,-1,-1,-1,-1,-1,-1,-1,-1,-1,-1,-1,-1,-1,-1,-1,-1,-1,-1,-1,-1,-1,-1,-1,-1,-1,-1,-1,-1,-1,-1,-1,-1,-1,-1,-1,-1,-1,70,-1,-1,68,-1,-1,-1,-1,-1,-1,-1,-1,71,40,53,65,39,43,43,21,10,35,53,44,52,58,100,77,-1,-1,-1,73,37,29,-1,66,94,88,72,50,-1,-1,40,46,51,84,-1,83,93,51,67,43,29,52,57,-1,-1,-1,-1,-1,-1,-1,4,17,29,38,33,-1,-1,-1,-1,-1,-1,-1,-1,-1,-1,-1,-1,-1,42,55,44,44,-1,-1,-1,-1,-1,-1,-1,-1,6,11,0,-1,-1,-1,-1,-1,-1,-1,-1,-1,-1,-1,-1,-1,-1,-1,-1,-1,-1,-1,-1,-1,-1,-1,-1,-1,-1,-1,-1,-1,-1,-1,-1,-1,-1,-1,-1,-1,-1,-1,-1,-1,-1,-1,-1,-1,-1,-1,-1
Hilton Garden Inn New York Manhattan-Chelsea,-1,-1,-1,-1,-1,-1,35,-1,41,-1,-1,29,-1,39,-1,-1,64,49,42,25,26,33,-1,33,59,22,-1,24,30,-1,26,33,21,-1,15,18,-1,-1,27,20,14,13,16,18,-1,39,-1,25,34,-1,-1,39,59,53,42,48,57,88,81,84,73,54,39,-1,55,-1,-1,73,93,92,100,89,78,71,47,-1,59,-1,49,86,-1,70,40,52,47,44,47,-1,49,-1,-1,35,37,54,55,47,41,-1,45,42,-1,-1,-1,-1,33,-1,34,38,52,37,-1,-1,-1,-1,32,27,23,22,21,28,-1,38,60,-1,-1,7,7,9,-1,12,24,27,41,-1,46,-1,-1,47,52,-1,-1,48,64,-1,47,35,33,29,-1,-1,-1,21,-1,-1,-1,11,15,-1,13,22,32,-1,45,50,53,20,15,16,2,-1,-1,-1,1,0,-1,-1,-1,10,9,-1,-1,-1,-1,-1,17,14,6,-1,-1,-1,-1,-1,-1,-1,-1,-1,-1,-1,-1,-1,-1,-1
Hudson New York Central Park,-1,-1,-1,-1,-1,-1,-1,-1,-1,-1,-1,-1,-1,-1,-1,-1,45,-1,-1,-1,-1,36,41,-1,-1,-1,-1,-1,-1,-1,-1,-1,-1,-1,-1,-1,-1,-1,-1,-1,-1,-1,-1,-1,38,-1,-1,-1,-1,-1,-1,-1,-1,-1,-1,-1,57,72,82,-1,-1,-1,-1,-1,-1,-1,-1,-1,-1,-1,-1,100,94,86,-1,-1,-1,63,68,76,-1,-1,-1,-1,-1,69,-1,-1,-1,-1,65,-1,-1,-1,-1,-1,-1,-1,-1,-1,-1,-1,-1,-1,46,38,-1,-1,-1,-1,-1,33,-1,32,43,-1,-1,25,15,19,10,16,20,19,15,8,-1,14,23,-1,-1,24,-1,-1,39,75,-1,79,64,-1,-1,61,-1,-1,47,38,27,-1,-1,-1,12,9,7,8,-1,-1,0,-1,-1,27,32,-1,61,-1,-1,-1,-1,-1,-1,-1,-1,-1,-1,-1,-1,-1,-1,-1,-1,-1,-1,-1,-1,-1,-1,-1,-1,-1,-1,-1,-1,-1,-1,-1,-1,-1,-1,-1,-1,-1,-1,-1
New York Marriott East Side,-1,-1,-1,-1,-1,20,26,37,-1,-1,37,-1,10,32,-1,37,36,-1,-1,21,-1,33,-1,33,26,19,20,24,-1,-1,35,-1,15,11,-1,-1,-1,23,22,11,13,-1,-1,-1,-1,-1,-1,16,-1,-1,-1,-1,-1,-1,36,-1,-1,-1,-1,66,56,43,54,-1,-1,-1,-1,-1,-1,-1,-1,-1,-1,-1,-1,25,-1,-1,-1,-1,65,53,51,-1,-1,-1,55,45,40,38,-1,-1,68,-1,61,48,34,-1,-1,-1,47,41,36,51,-1,-1,-1,60,31,24,24,38,51,-1,-1,47,34,22,34,-1,-1,-1,-1,18,3,-1,-1,-1,-1,-1,-1,-1,-1,-1,-1,-1,-1,-1,-1,-1,-1,-1,100,-1,-1,45,-1,-1,-1,-1,-1,16,-1,-1,-1,-1,0,-1,-1,-1,-1,-1,-1,-1,-1,-1,-1,-1,-1,-1,-1,-1,-1,-1,-1,-1,-1,-1,-1,-1,-1,-1,-1,-1,-1,-1,-1,-1,-1,-1,-1,-1,-1,-1,-1,-1,-1,-1,-1,-1,-1,-1
Quality Inn Convention Center,-1,-1,-1,-1,-1,-1,-1,-1,-1,-1,-1,-1,-1,-1,-1,-1,-1,45,-1,-1,29,34,43,-1,35,29,60,-1,-1,-1,-1,31,24,-1,-1,-1,-1,-1,-1,-1,0,-1,-1,1,34,51,-1,-1,45,46,-1,27,44,67,-1,43,58,55,77,-1,90,-1,-1,-1,66,85,97,100,-1,-1,-1,-1,-1,-1,-1,-1,-1,59,60,-1,-1,-1,-1,-1,-1,45,52,63,68,59,59,60,54,-1,-1,-1,-1,-1,-1,25,21,-1,-1,-1,-1,-1,23,30,17,-1,27,17,43,41,46,-1,-1,-1,-1,-1,-1,-1,-1,-1,-1,-1,-1,9,27,38,-1,-1,53,44,-1,-1,77,69,68,66,61,-1,-1,-1,-1,-1,-1,-1,-1,-1,-1,-1,-1,-1,-1,-1,-1,-1,-1,-1,-1,-1,-1,-1,38,-1,-1,-1,-1,-1,-1,-1,-1,-1,-1,-1,-1,-1,-1,-1,-1,-1,-1,-1,-1,-1,-1,-1,-1,-1,-1,-1,-1,-1,-1,-1,-1,-1,-1,-1,-1,-1
Courtyard by Marriott New York Manhattan Times Square,-1,-1,-1,-1,-1,-1,-1,-1,-1,-1,67,-1,53,-1,-1,-1,-1,71,-1,38,-1,-1,-1,-1,-1,34,32,-1,-1,-1,-1,-1,-1,-1,-1,-1,-1,-1,-1,-1,-1,-1,-1,-1,-1,-1,-1,-1,-1,-1,-1,-1,-1,76,-1,-1,-1,-1,-1,-1,-1,-1,-1,-1,-1,-1,-1,-1,-1,-1,-1,-1,-1,-1,-1,-1,-1,-1,-1,-1,-1,-1,-1,-1,-1,-1,-1,-1,-1,-1,-1,-1,-1,-1,-1,-1,-1,-1,-1,-1,-1,-1,62,-1,-1,-1,-1,-1,67,48,38,41,47,-1,-1,52,41,-1,43,-1,37,40,40,29,-1,-1,-1,-1,-1,-1,-1,42,44,63,80,-1,-1,-1,100,-1,-1,74,-1,-1,76,57,64,46,-1,-1,-1,31,-1,-1,-1,-1,5,24,30,41,50,-1,-1,-1,-1,-1,-1,2,-1,-1,0,-1,-1,-1,-1,-1,-1,-1,-1,-1,-1,-1,-1,-1,-1,-1,-1,-1,-1,-1,-1,-1,-1,-1,-1,-1,-1,-1,-1,-1,-1,-1
Courtyard by Marriott New York Manhattan Upper East Side,-1,-1,-1,-1,-1,-1,-1,-1,-1,41,-1,-1,-1,-1,-1,-1,-1,-1,-1,-1,-1,-1,36,-1,-1,-1,-1,-1,-1,-1,-1,-1,-1,20,35,32,30,36,22,-1,-1,-1,-1,-1,-1,-1,-1,-1,-1,-1,-1,-1,-1,36,-1,-1,-1,46,-1,-1,51,-1,-1,-1,52,-1,-1,64,-1,-1,-1,63,100,-1,42,-1,-1,-1,41,-1,-1,-1,-1,-1,-1,-1,-1,-1,59,-1,-1,-1,-1,-1,-1,56,-1,45,-1,38,-1,-1,44,-1,39,-1,29,-1,-1,-1,32,-1,-1,38,-1,55,-1,-1,-1,-1,28,-1,-1,-1,-1,-1,-1,15,22,26,-1,-1,-1,39,50,49,-1,66,-1,-1,59,-1,-1,-1,-1,-1,-1,-1,18,-1,-1,19,-1,-1,-1,0,1,-1,20,-1,25,25,26,-1,29,-1,-1,-1,-1,-1,-1,-1,-1,-1,-1,-1,-1,-1,-1,-1,-1,-1,-1,-1,-1,-1,-1,-1,-1,-1,-1,-1,-1,-1,-1,-1,-1,-1,-1,-1,-1,-1
